date,open,high,low,close,volume,vwap,pct_change,cap,returns,prev_close,amount
2017-07-14,16.37,19.64,16.37,19.64,5500,19.4323636363636,43.9882697947214,7857964000,,16.37,106878
2017-07-17,21.6,21.6,21.6,21.6,5300,21.5999625958481,9.979633401222,8642160000,9.979633401222,19.64,115495
2017-07-18,23.76,23.76,23.76,23.76,2300,23.7596899224806,10,9506376000,10,21.6,55170
2017-07-19,26.14,26.14,26.14,26.14,5300,26.1398193451261,10.016835016835,10458614000,10.016835016835,23.76,138907
2017-07-20,28.75,28.75,28.75,28.75,8200,28.75,9.98469778117827,11502875000,9.98469778117827,26.14,235750
2017-07-21,31.63,31.63,31.63,31.63,10400,31.63,10.0173913043478,12655163000,10.0173913043478,28.75,328952
2017-07-24,34.79,34.79,34.79,34.79,24000,34.7899587173179,9.9905153335441,13919479000,9.9905153335441,31.63,834298
2017-07-25,38.27,38.27,38.27,38.27,22700,38.27,10.0028743891923,15311827000,10.0028743891923,34.79,868729
2017-07-26,42.1,42.1,42.1,42.1,45300,42.0999933720699,10.0078390384113,16844210000,10.0078390384113,38.27,1905572
2017-07-27,46.31,46.31,46.31,46.31,58400,46.31,10,18528631000,10,42.1,2704504
2017-07-28,50.94,50.94,50.94,50.94,91300,50.9399984662745,9.99784063917079,20381094000,9.99784063917079,46.31,4649854
2017-07-31,56.03,56.03,56.03,56.03,126100,56.0299938157081,9.99214762465646,22417603000,9.99214762465646,50.94,7066839
2017-08-01,61.63,61.63,61.63,61.63,128400,61.6299932268838,9.9946457255042,24658163000,9.9946457255042,56.03,7916311
2017-08-02,67.79,67.79,67.79,67.79,99500,67.7899930660932,9.99513224079183,27122779000,9.99513224079183,61.63,6745850
2017-08-03,74.57,74.57,74.57,74.57,371500,74.5699999730816,10.0014751438265,29835457000,10.0014751438265,67.79,27702233
2017-08-04,82.03,82.03,82.03,82.03,592800,82.029999460229,10.004023065576,32820203000,10.004023065576,74.57,48630993
2017-08-07,90.23,90.23,90.23,90.23,498000,90.2299984336909,9.99634280141412,36101023000,9.99634280141412,82.03,44933276
2017-08-08,99.25,99.25,99.25,99.25,475100,99.2499989474792,9.99667516347112,39709925000,9.99667516347112,90.23,47148712
2017-08-09,109.18,109.18,105,109.18,27395900,107.934164614653,10.0050377833753,43682918000,10.0050377833753,99.25,2956949263
2017-08-10,107.18,114.88,105.2,106.4,20261100,109.716941829173,-2.54625389265433,42570640000,-2.54625389265433,109.18,2222987905
2017-08-11,101,102.97,95.76,95.77,15908700,99.4325973396816,-9.99060150375941,38317577000,-9.99060150375941,106.4,1581843063
2017-08-14,97.2,105.3,96.35,103.3,10739700,101.148476819058,7.8625874490968,41330330000,7.8625874490968,95.77,1086300554
2017-08-15,103.3,105.69,101.21,104.58,7600800,103.569816336607,1.23910939012585,41842458000,1.23910939012585,103.3,787214185
2017-08-16,103.7,115.04,103.63,115.04,12345600,112.866967669432,10.001912411551,46027504000,10.001912411551,104.58,1393413032
2017-08-17,115.04,125.77,113.59,115.9,14007700,119.49500454392,0.747566063977746,46371590000,0.747566063977746,115.04,1673853760
2017-08-18,113.01,120.86,110.36,119.66,10271300,115.642285481849,3.244176013805,47875966000,3.244176013805,115.9,1187799151
2017-08-21,121.68,131.63,121.68,131.63,10612500,126.475631249337,10.0033428046131,52665163000,10.0033428046131,119.66,1342225925
2017-08-22,134.01,136.66,127.5,128.7,11140900,132.064253516323,-2.22593633670137,51492870000,-2.22593633670137,131.63,1471314642
2017-08-23,126.39,135,125.11,128.88,8245500,129.608288933487,0.139860139860145,51564888000,0.139860139860145,128.7,1068688257
2017-08-24,128,130.46,121,121.01,9457100,124.630384068297,-6.10645561762879,48416101000,-6.10645561762879,128.88,1178638017
2017-08-25,120.3,133.11,120.3,133.11,9572400,128.035065289982,9.99917362201472,53257311000,9.99917362201472,121.01,1225599274
2017-08-28,136,136.98,130,131.68,9217100,132.679810920123,-1.0742994515814,52685168000,-1.0742994515814,133.11,1222917380
2017-08-29,129,133.32,127,128,6337200,129.817483173173,-2.79465370595383,51212800000,-2.79465370595383,131.68,822679614
2017-08-30,126.6,131.7,124.76,126.42,6007100,127.557229932023,-1.234375,50580642000,-1.234375,128,766254776
2017-08-31,127.98,139.06,127.98,139.06,10939600,135.351424588786,9.9984179718399,55637906000,9.9984179718399,126.42,1480692204
2017-09-01,141.77,141.8,132.23,133.4,9290500,135.219615878338,-4.07018553142528,53373340000,-4.07018553142528,139.06,1256257030
2017-09-04,133,137.6,132.01,134.91,5130600,134.929324429654,1.1319340329835,53977491000,1.1319340329835,133.4,692270146
2017-09-05,135.94,136.5,133.48,136,3644100,135.147180229942,0.807946038099476,54413600000,0.807946038099476,134.91,492483893
2017-09-06,135.01,149.3,134.88,144.36,7700700,143.650091582405,6.14705882352942,57758436000,6.14705882352942,136,1106208415
2017-09-07,142.95,158.8,141.1,156.8,9703900,151.335446196043,8.6173455250762,62735680000,8.6173455250762,144.36,1468543431
2017-09-08,154.91,172.48,154.2,172.48,5747600,165.57539381792,9.99999999999999,69009248000,9.99999999999999,156.8,951657822
2017-09-18,165.12,184.97,157,174.4,9964600,170.992887288282,1.11317254174398,69777440000,1.11317254174398,172.48,1703867859
2017-09-19,170,184.5,166.9,182.98,7068700,175.013087365389,4.91972477064219,73210298000,4.91972477064219,174.4,1237119561
2017-09-20,180.2,183.88,174,174.88,6011800,178.410433698077,-4.42671330200022,69969488000,-4.42671330200022,182.98,1072569451
2017-09-21,174.73,181.88,171,175.01,5317200,176.668562384151,0.074336688014636,70021501000,0.074336688014636,174.88,939390560
2017-09-22,171.5,173.26,160,163.7,6359100,166.776268050419,-6.4624878578367,65496370000,-6.4624878578367,175.01,1060552303
2017-09-25,164.99,178.88,162.05,176.25,6563400,170.666075205195,7.66646304215028,70517625000,7.66646304215028,163.7,1120150230
2017-09-26,174,182.58,167,173.98,5856400,174.085204729449,-1.28794326241135,69609398000,-1.28794326241135,176.25,1019514682
2017-09-27,172.01,181,172.01,176.11,4363100,176.924126804698,1.22427865271872,70461611000,1.22427865271872,173.98,771929873
2017-09-28,174.73,178.76,171,171.88,4116900,174.569792206619,-2.40190789847256,68769188000,-2.40190789847256,176.11,718682537
2017-09-29,171.99,174.98,166.1,169.91,3756000,169.588637806795,-1.14614847568071,67980991000,-1.14614847568071,171.88,636968988
2017-10-09,171.6,175.98,169.09,170.92,3286900,172.221841657717,0.594432346536396,68385092000,0.594432346536396,169.91,566081138
2017-10-10,170.3,187.5,169.5,185.3,7128400,177.903610783391,8.4132927685467,74138530000,8.4132927685467,170.92,1268162762
2017-10-11,184,188.88,177.06,177.2,5649300,181.772724714089,-4.37128980032381,70897720000,-4.37128980032381,185.3,1026890835
2017-10-12,175.33,177.47,168.17,170.2,5201500,171.806023736431,-3.95033860045147,68097020000,-3.95033860045147,177.2,893641473
2017-10-13,170,173.98,168.69,170.6,2769100,171.623161504482,0.235017626321978,68257060000,0.235017626321978,170.2,475243756
2017-10-16,170.62,170.86,161.01,161.45,4800400,163.906433717034,-5.36342321219227,64596145000,-5.36342321219227,170.6,786808413
2017-10-17,161,163.99,156.15,161.18,3083900,160.2855901376,-0.167234437906461,64488118000,-0.167234437906461,161.45,494300564
2017-10-18,161.2,165.54,160.12,161.96,2520900,163.288886958364,0.483931008810027,64800196000,0.483931008810027,161.18,411635445
2017-10-19,162.67,164.8,158.92,163.03,2497500,162.532665274332,0.660656952333905,65228303000,0.660656952333905,161.96,405922731
2017-10-20,162.5,165.88,162.5,164.33,1955900,164.089242182547,0.797399251671479,65748433000,0.797399251671479,163.03,320938867
2017-10-23,165.47,166.55,163.61,165.5,1801000,165.134256202913,0.711981987464241,66216550000,0.711981987464241,164.33,297414887
2017-10-24,164.71,166,159.5,160.88,2695300,161.740495062582,-2.79154078549849,64368088000,-2.79154078549849,165.5,435944979
2017-10-25,158.16,162.99,158.16,161.1,2259700,160.680359317582,0.13674788662357,64456110000,0.13674788662357,160.88,363093907
2017-10-26,161.8,162.49,159.52,161.03,2090800,161.078058831576,-0.043451272501548,64428103000,-0.043451272501548,161.1,336779106
2017-10-27,164.18,173.77,164.18,168.35,5696400,169.783477511961,4.54573681922623,67356835000,4.54573681922623,161.03,967155620
2017-10-30,167.3,184.68,167.3,181.8,7490800,176.832537982152,7.989307989308,72738180000,7.989307989308,168.35,1324620889
2017-10-31,183,199.98,180.1,199.98,8282700,190.674822392475,9.99999999999999,80011998000,9.99999999999999,181.8,1579307881
2017-11-01,201.88,202.87,193.01,194.44,6688300,197.774230198548,-2.77027702770277,77795444000,-2.77027702770277,199.98,1322782877
2017-11-02,196.14,211.86,194.5,204.7,7518100,204.178146207153,5.27669203867517,81900470000,5.27669203867517,194.44,1535031721
2017-11-03,204.5,209.99,200.76,203.79,5151500,204.809406330753,-0.444553004396676,81536379000,-0.444553004396676,204.7,1055073199
2017-11-06,205.11,206.88,195.37,198.77,4976500,199.420742804679,-2.4633200844006,79527877000,-2.4633200844006,203.79,992409948
2017-11-07,199.4,216.88,197.6,214.96,6336600,208.655939503433,8.14509231775419,86005496000,8.14509231775419,198.77,1322174234
2017-11-08,212,215.69,208,210.5,4985400,211.697271892477,-2.07480461481206,84221050000,-2.07480461481206,214.96,1055402777
2017-11-09,210.88,226.66,209.5,215.5,6136400,218.657111442721,2.37529691211401,86221550000,2.37529691211401,210.5,1341767280
2017-11-10,215.65,222.58,212,220.55,4211800,217.767087133745,2.34338747099769,88242055000,2.34338747099769,215.5,917196644
2017-11-13,221.6,242.61,221.6,242.61,6346100,235.364079515706,10.0022670596237,97068261000,10.0022670596237,220.55,1493636218
2017-11-14,240.33,261.99,238,245.1,9044700,250.227238699327,1.02633856807221,98064510000,1.02633856807221,242.61,2263231557
2017-11-15,245.01,258.88,235,257.02,7076400,247.250500533884,4.86332109343125,102833702000,4.86332109343125,245.1,1749654321
2017-11-23,250,251.2,231.32,231.32,6721800,239.64077229371,-9.99922185043965,92551132000,-9.99922185043965,257.02,1610816145
2017-11-24,218,221.93,208.19,208.19,6159000,213.777860601563,-9.99913539685284,83296819000,-9.99913539685284,231.32,1316656347
2017-11-27,194,205.56,187.37,190.81,7427400,194.654024717261,-8.34814352274364,76343081000,-8.34814352274364,208.19,1445781284
2017-11-28,195,206.5,195,203.7,5657600,201.259479911087,6.75541114197368,81500370000,6.75541114197368,190.81,1138655294
2017-11-29,202,202,183.6,194.3,6544100,191.374957633555,-4.61462935689739,77739430000,-4.61462935689739,203.7,1252375712
2017-11-30,191.52,198.84,185,193.01,3958100,192.892097901815,-0.663921770458065,77223301000,-0.663921770458065,194.3,763483898
2017-12-01,191,203.58,188.8,199.4,4484600,198.375951168182,3.31070928967412,79779940000,3.31070928967412,193.01,889640163
2017-12-04,197.99,204.99,195.35,195.35,3375600,199.67805769515,-2.03109327983952,78159535000,-2.03109327983952,199.4,674041039
2017-12-05,190,202.5,186.88,196.3,3621100,196.283146418048,0.486306629127216,78539630000,0.486306629127216,195.35,710755013
2017-12-06,200.99,201.99,193.08,200.71,3656100,198.191521723433,2.24656138563423,80304071000,2.24656138563423,196.3,724616743
2017-12-07,200.01,209.9,196.7,206.75,4203400,203.538065230755,3.00931692491654,82720675000,3.00931692491654,200.71,855555160
2017-12-08,204.6,226.56,204.01,222.71,5176000,214.766669835157,7.71946795646917,89106271000,7.71946795646917,206.75,1111624981
2017-12-11,223.5,236.43,223.5,228,4761400,229.9880846295,2.37528624668851,91222800000,2.37528624668851,222.71,1095068256
2017-12-12,228.5,232.9,225.6,226.9,3276200,228.753386436185,-0.482456140350875,90782690000,-0.482456140350875,228,749432237
2017-12-13,229,235,226,233.49,3567600,231.431508834441,2.90436315557514,93419349000,2.90436315557514,226.9,825661531
2017-12-14,233.88,235.8,221.08,228.59,4204300,227.865394198017,-2.09859094607906,91458859000,-2.09859094607906,233.49,958019262
2017-12-15,228.91,230.49,222.61,227.79,2824200,227.051212959957,-0.349971564810364,91138779000,-0.349971564810364,228.59,641239625
2017-12-18,226.43,228.88,205.01,205.01,5236500,212.950410549608,-10.0004390008341,82024501000,-10.0004390008341,227.79,1115118445
2017-12-19,205.02,211.7,202.01,206.11,2972400,206.999867110126,0.536559192234536,82464611000,0.536559192234536,205.01,615283507
2017-12-20,205.51,207.5,197.38,203.26,3379100,202.054584216574,-1.38275678036001,81324326000,-1.38275678036001,206.11,682768101
2017-12-21,203,218.81,201.03,216.5,4201700,212.729130287534,6.51382465807341,86621650000,6.51382465807341,203.26,893823774
2017-12-22,212,216.8,209,211,3107400,212.342529109965,-2.54041570438799,84421100000,-2.54041570438799,216.5,659841881
2017-12-25,209.43,213.17,207.97,211.6,2074900,210.924972239251,0.284360189573457,84661160000,0.284360189573457,211,437642319
2017-12-26,211.15,218.48,211.11,217,3078800,216.261939415002,2.55198487712666,86821700000,2.55198487712666,211.6,665830503
2017-12-27,216,216.9,206,206.33,3727500,210.240127377428,-4.91705069124423,82552633000,-4.91705069124423,217,783671126
2017-12-28,205.45,210,204.5,204.8,2173600,207.267496255075,-0.741530557844231,81940480000,-0.741530557844231,206.33,450518288
2017-12-29,207,211,207,208,2084600,209.388410115844,1.56249999999999,83220800000,1.56249999999999,204.8,436493383
2018-01-02,212,212.99,206.07,208.75,1556300,208.846488556485,0.360576923076923,83520875000,0.360576923076923,208,325036144
2018-01-03,209.5,210.88,207,209.01,1934100,209.303802723906,0.124550898203588,83624901000,0.124550898203588,208.75,404806322
2018-01-04,207.79,209.14,201.51,206.5,2905600,205.284610746335,-1.20089947849385,82620650000,-1.20089947849385,209.01,596472091
2018-01-05,205.6,209.65,203.11,208.1,2446500,207.492083683158,0.774818401937043,83260810000,0.774818401937043,206.5,507622328
2018-01-08,207,207.99,200.1,202.1,2673600,202.351546539819,-2.88322921672273,80860210000,-2.88322921672273,208.1,541016403
2018-01-09,201.14,204.7,200.8,202.8,1624600,203.000954668334,0.346363186541325,81140280000,0.346363186541325,202.1,329805095
2018-01-10,202,203.68,191.5,193.5,3606800,196.610541503594,-4.58579881656805,77419350000,-4.58579881656805,202.8,709129396
2018-01-11,191.5,199.49,188.88,197.5,2719700,195.880652843671,2.0671834625323,79019750000,2.0671834625323,193.5,532730931
2018-01-12,196,205.99,192,201.05,2926400,200.08281147592,1.79746835443039,80440105000,1.79746835443039,197.5,585523540
2018-01-15,199.7,199.7,192,192.78,2504300,194.265595007585,-4.113404625715,77131278000,-4.113404625715,201.05,486495250
2018-01-16,192.78,195.99,192,193.46,1414500,193.674532527093,0.352733686067023,77403346000,0.352733686067023,192.78,273946235
2018-01-17,193.01,193.98,186.01,189.33,2217600,188.9292579751,-2.13480822909128,75750933000,-2.13480822909128,193.46,418973490
2018-01-18,188.31,191.8,185.99,186.5,1770300,187.918609071718,-1.49474462578567,74618650000,-1.49474462578567,189.33,332666864
2018-01-19,189,189.47,186.32,186.5,1286300,187.621855651509,0,74618650000,0,186.5,241333490
2018-01-22,185,186.01,168.68,176.65,2972400,176.390519286087,-5.28150134048257,70677665000,-5.28150134048257,186.5,524294360
2018-01-23,176.24,188.78,176.24,185.2,3134100,184.365521937174,4.84007925275968,74098520000,4.84007925275968,176.65,577825882
2018-01-24,185.49,189.9,183.88,186.02,2282200,186.948865130138,0.442764578833705,74426602000,0.442764578833705,185.2,426654700
2018-01-25,185,189.83,183.31,185.7,2536200,186.127202936723,-0.172024513493184,74298570000,-0.172024513493184,186.02,472048367
2018-01-26,182.01,184.77,180.18,180.55,1595300,181.958628471134,-2.77329025309638,72238055000,-2.77329025309638,185.7,290278600
2018-01-29,178.8,178.8,171.22,172.99,2301700,174.265829318203,-4.18720576017724,69213299000,-4.18720576017724,180.55,401109402
2018-01-30,172.7,172.7,169.15,170,1411300,170.313469575162,-1.72842360830106,68017000000,-1.72842360830106,172.99,240365784
2018-01-31,169.88,169.96,158.88,159.4,2904300,161.582231650245,-6.23529411764706,63775940000,-6.23529411764706,170,469290385
2018-02-01,158.11,162.5,156.2,158.82,1668000,159.028223766095,-0.363864491844424,63543882000,-0.363864491844424,159.4,265252080
2018-02-02,156,156,148.88,150.3,2224800,151.969007551241,-5.36456365697014,60135030000,-5.36456365697014,158.82,338100648
2018-02-05,144,148.3,139.09,139.61,2554600,143.931664290596,-7.11244178310046,55857961000,-7.11244178310046,150.3,367693299
2018-02-06,134.97,148.85,132.13,140.97,3113300,141.891803544075,0.974142253420231,56402097000,0.974142253420231,139.61,441753029
2018-02-07,144.8,145.55,135.52,141.13,2212100,141.233346337679,0.113499326097749,56466113000,0.113499326097749,140.97,312419602
2018-02-08,139.98,148.11,138.3,146.7,2167700,144.925177138592,3.94671579394884,58694670000,3.94671579394884,141.13,314147495
2018-02-09,142,153.07,140.58,148.8,2908700,148.735739410169,1.4314928425358,59534880000,1.4314928425358,146.7,432622142
2018-02-12,151,158.68,150.89,157.92,2435500,155.675366252238,6.1290322580645,63183792000,6.1290322580645,148.8,379144241
2018-02-13,160,160.46,153.51,154.91,1729800,156.068135031781,-1.90602836879432,61979491000,-1.90602836879432,157.92,269969001
2018-02-14,153.8,155.99,148.71,150.9,1404500,151.940808786621,-2.5885998321606,60375090000,-2.5885998321606,154.91,213400714
2018-02-22,151,156.8,148.88,154.35,1625400,152.941167712746,2.28628230616301,61755435000,2.28628230616301,150.9,248595774
2018-02-23,152.73,155.93,150.7,151.72,1402200,152.364562428952,-1.70391966310333,60703172000,-1.70391966310333,154.35,213648332
2018-02-26,153.78,166.89,152.16,166.89,3748100,160.76597138865,9.99868178223042,66772689000,9.99868178223042,151.72,602565812
2018-02-27,169,175.23,166.89,168.37,3461600,170.619502711198,0.88681167235905,67364837000,0.88681167235905,166.89,590611352
2018-02-28,164.43,171.99,163.56,168.97,2042000,168.652606454273,0.35635802102512,67604897000,0.35635802102512,168.37,344393176
2018-03-01,166.33,172.53,164.53,171,3032100,168.742750077752,1.20139669763863,68417100000,1.20139669763863,168.97,511639324
2018-03-02,168.5,173.5,165.72,165.78,2472000,168.986151643008,-3.05263157894737,66328578000,-3.05263157894737,171,417732077
2018-03-05,166.67,176.51,164.2,175.16,3409600,171.447042613154,5.65810109784051,70081516000,5.65810109784051,165.78,584562579
2018-03-06,175,180.05,172.5,175.18,3488300,176.71969503034,0.011418131993612,70089518000,0.011418131993612,175.16,616459618
2018-03-07,174,175.74,170.69,171,2131800,172.876007754792,-2.38611713665944,68417100000,-2.38611713665944,175.18,368544507
2018-03-08,171,175.1,169.02,172.25,1898800,172.589215575781,0.730994152046784,68917225000,0.730994152046784,171,327711367
2018-03-09,171.91,176.97,170.83,175.7,2592900,174.369791307118,2.00290275761973,70297570000,2.00290275761973,172.25,452131976
2018-03-12,177.3,179.88,175.7,176.67,2450100,177.508675479282,0.552077404667045,70685667000,0.552077404667045,175.7,434918266
2018-03-13,176.2,182.26,175.33,178,3094300,179.000272760736,0.752815984604071,71217800000,0.752815984604071,176.67,553878217
2018-03-14,176.99,177.99,170.7,171,2937300,173.590809077486,-3.93258426966292,68417100000,-3.93258426966292,178,509894012
2018-03-15,168.15,169.59,163,167.09,2698100,166.229326322055,-2.28654970760234,66852709000,-2.28654970760234,171,448508166
2018-03-16,168,169.88,166,166.22,1603200,168.013515730406,-0.520677479202828,66504622000,-0.520677479202828,167.09,269354060
2018-03-19,166,168.49,163.6,165.44,1553100,166.222112976234,-0.469257610395862,66192544000,-0.469257610395862,166.22,258154577
2018-03-20,163.07,178.68,162.13,175.42,3798900,172.358419219834,6.03239845261121,70185542000,6.03239845261121,165.44,654773950
2018-03-21,175.43,175.9,166,166.9,2967700,171.783913175478,-4.85691483297229,66776690000,-4.85691483297229,175.42,509808788
2018-03-22,168.32,169.2,165.11,166,1438800,167.072567035961,-0.539245056920315,66416600000,-0.539245056920315,166.9,240380668
2018-03-23,159.12,162.45,150.5,153.6,2954300,156.660777474865,-7.46987951807229,61455360000,-7.46987951807229,166,462820115
2018-03-26,149.9,158.91,148.58,158.53,1900900,155.00683247752,3.20963541666667,63427853000,3.20963541666667,153.6,294655743
2018-03-27,161,165.35,161,163.3,2148700,163.38054735294,3.00889421560589,65336330000,3.00889421560589,158.53,351056599
2018-03-28,160,172.38,159,166.29,3340900,168.044770351888,1.83098591549295,66532629000,1.83098591549295,163.3,561419765
2018-03-29,166.35,168.5,161.54,164.25,1856500,164.125410651543,-1.22677250586325,65716425000,-1.22677250586325,166.29,304698989
2018-03-30,164.25,169,164.25,167.88,1965600,167.288097453615,2.21004566210045,67168788000,2.21004566210045,164.25,328816633
2018-04-02,170,177.77,170,171.81,2908900,173.782914370401,2.3409578270193,68741181000,2.3409578270193,167.88,505515208
2018-04-03,168,177,166.88,171.99,2599900,171.577652599857,0.104766893661607,68813199000,0.104766893661607,171.81,446077018
2018-04-04,171.9,175.89,169.1,169.3,1913800,172.293373721244,-1.56404442118728,67736930000,-1.56404442118728,171.99,329730579
2018-04-09,168,168,160,164.8,1852400,164.444454461533,-2.65800354400473,65936480000,-2.65800354400473,169.3,304615263
2018-04-10,164,168,163.52,166.2,1497400,165.449720086522,0.849514563106782,66496620000,0.849514563106782,164.8,247748878
2018-04-11,166.38,167.3,161.61,162.4,1952100,163.563977607223,-2.28640192539109,64976240000,-2.28640192539109,166.2,319286371
2018-04-12,161.2,163.98,161.1,161.2,1181400,162.123147217832,-0.738916256157646,64496120000,-0.738916256157646,162.4,191532124
2018-04-13,163.96,164.87,161.18,161.42,1054700,162.835321034806,0.136476426799007,64584142000,0.136476426799007,161.2,171734597
2018-04-16,160,160.6,158,159.16,1229000,159.09466817684,-1.40007434023045,63679916000,-1.40007434023045,161.42,195527029
2018-04-17,158.8,160.9,156.58,156.62,1403300,158.714974000181,-1.59587836139733,62663662000,-1.59587836139733,159.16,222721390
2018-04-18,157.8,158.99,149,157.11,1856200,153.454829413986,0.31285914953391,62859711000,0.31285914953391,156.62,284845770
2018-04-19,156,164.66,155.2,163.06,1880100,160.758719343875,3.78715549614919,65240306000,3.78715549614919,157.11,302247291
2018-04-20,160.33,163,155.88,156.07,1469200,159.414913493326,-4.28676560775175,62443607000,-4.28676560775175,163.06,234211275
2018-04-23,155.01,157.51,151.5,153.9,1205900,154.18608610277,-1.39040174280771,61575390000,-1.39040174280771,156.07,185937781
2018-04-24,153.9,157.75,153,157.16,1171800,156.271524026523,2.11825860948667,62879716000,2.11825860948667,153.9,183123660
2018-04-25,156.01,160.44,155.16,158.92,1260900,157.679608524273,1.11987783150928,63583892000,1.11987783150928,157.16,198813488
2018-04-26,155.24,156.68,150.6,151.1,1814200,152.620680797678,-4.92071482506921,60455110000,-4.92071482506921,158.92,276879250
2018-04-27,151.5,153.78,149.8,150,1217100,151.188394187152,-0.727994705493047,60015000000,-0.727994705493047,151.1,184010941
2018-05-02,150.01,151.98,149.12,149.98,871100,150.253058684966,-0.01333333333334,60006998000,-0.01333333333334,150,130889346
2018-05-03,149.4,149.89,142.14,147.01,1423400,145.612926478161,-1.98026403520469,58818701000,-1.98026403520469,149.98,207261508
2018-05-04,147.7,148.9,146.2,147.31,939700,147.683297080783,0.204067750493171,58938731000,0.204067750493171,147.01,138778585
2018-05-07,147.11,150.37,146.67,149.9,1105000,148.726567851943,1.75819699952481,59974990000,1.75819699952481,147.31,164347468
2018-05-08,151,153,150,150.88,1280500,151.70045122435,0.653769179452962,60367088000,0.653769179452962,149.9,194254855
2018-05-09,151,153.1,150,151,905600,151.354938200032,0.079533404029696,60415100000,0.079533404029696,150.88,137064459
2018-05-10,151.5,152.78,150.61,151.93,844100,151.704727277897,0.615894039735104,60787193000,0.615894039735104,151,128054112
2018-05-11,151.99,152.76,148.68,148.78,1040200,149.932843683907,-2.07332324096624,59526878000,-2.07332324096624,151.93,155960144
2018-05-14,148.75,148.75,144.01,144.57,1315100,145.662048875739,-2.82968140879151,57842457000,-2.82968140879151,148.78,191564676
2018-05-15,144.59,146.59,143.81,146.01,768800,145.381032778356,0.996057273293213,58418601000,0.996057273293213,144.57,111768938
2018-05-16,145.41,160,144.68,155.09,3008000,153.082215689938,6.21875214026437,62051509000,6.21875214026437,146.01,460466100
2018-05-17,154,154.87,150.58,151.41,1522300,152.556415594209,-2.37281578438327,60579141000,-2.37281578438327,155.09,232234038
2018-05-18,151.4,152.19,148.05,150.69,992700,150.202473602882,-0.475530017832375,60291069000,-0.475530017832375,151.41,149109300
2018-05-21,151,154.5,151,152.06,1029700,152.777862376723,0.909151237640191,60839206000,0.909151237640191,150.69,157314601
2018-05-22,153.5,157,153.5,155,2086100,155.491438952896,1.93344732342496,62015500000,1.93344732342496,152.06,324376133
2018-05-23,153.78,154.05,151.33,151.36,1243500,152.388768884593,-2.34838709677418,60559136000,-2.34838709677418,155,189491472
2018-05-24,151.36,155.55,151.08,152.26,1001100,153.240457027781,0.594608879492585,60919226000,0.594608879492585,151.36,153405497
2018-05-25,151,152.26,148,148.72,1156600,149.319346418452,-2.32497044529094,59502872000,-2.32497044529094,152.26,172699919
2018-05-28,148.72,149.72,145.6,147.9,834200,148.058205897549,-0.551371705217855,59174790000,-0.551371705217855,148.72,123511784
2018-05-29,149.44,150,145.6,145.97,835700,148.001440646329,-1.30493576741042,58402597000,-1.30493576741042,147.9,123690132
2018-05-30,142.9,142.9,135.99,137.13,1734900,139.497723827474,-6.05603891210523,54865713000,-6.05603891210523,145.97,242018786
2018-05-31,137.36,139.49,136.88,139.02,900800,138.506391789201,1.37825421133232,55621902000,1.37825421133232,137.13,124761710
2018-06-01,138.98,138.98,134.88,135.14,953900,136.21830186365,-2.7909653287297,54069514000,-2.7909653287297,139.02,129936050
2018-06-04,135.86,136.88,135,135.75,605700,136.030700494338,0.451383750185004,54313575000,0.451383750185004,135.14,82388082
2018-06-05,136.5,139.99,135.01,138.88,906500,137.282542196944,2.30570902394106,55565888000,2.30570902394106,135.75,124449782
2018-06-06,139,139.27,137.24,137.56,602600,137.757201912434,-0.950460829493083,55037756000,-0.950460829493083,138.88,83010148
2018-06-07,137.56,138.7,136.2,136.54,569100,137.426421281262,-0.741494620529231,54629654000,-0.741494620529231,137.56,78204429
2018-06-08,136.1,136.1,130.5,132.16,1351800,132.586891425663,-3.20785117914164,52877216000,-3.20785117914164,136.54,179237324
2018-06-11,132.13,132.13,125.13,125.49,1410900,126.939868851158,-4.8308945596247,50208549000,-4.8308945596247,132.16,179101492
2018-06-12,125.6,126.99,123.01,126.26,890800,125.338065292505,0.613594708741749,50516626000,0.613594708741749,125.49,111653906
2018-06-13,125,126,120.99,121,1258300,122.819303027895,-4.16600665293838,48412100000,-4.16600665293838,126.26,154543529
2018-06-14,119,123.88,119,121.08,899700,121.606374417855,0.066115702479334,48444108000,0.066115702479334,121,109408039
2018-06-15,120.11,121.95,113.9,115.35,1396000,117.046490687679,-4.73240832507433,46151535000,-4.73240832507433,121.08,163396901
2018-06-19,111,114.4,103.82,104.42,1977600,108.628999878638,-9.4755093194625,41778442000,-9.4755093194625,115.35,214820365
2018-06-20,104,109.8,103.5,107.96,1468100,107.511308848312,3.39015514269297,43194796000,3.39015514269297,104.42,157832407
2018-06-21,107.55,108,104.2,104.6,1066800,106.303274608776,-3.11226380140793,41850460000,-3.11226380140793,107.96,113409117
2018-06-22,104.5,111.55,103.5,109.94,1626800,108.484182469444,5.10516252390057,43986994000,5.10516252390057,104.6,176478922
2018-06-25,110.97,111.38,108.1,108.41,983600,109.29858635688,-1.39166818264507,43374841000,-1.39166818264507,109.94,107501499
2018-06-26,105.51,111.18,105,110.32,1112500,109.007990889128,1.76183008947514,44139032000,1.76183008947514,108.41,121273243
2018-06-27,105.87,107.7,100.13,101.19,2415300,104.420584688012,-8.27592458303118,40486119000,-8.27592458303118,110.32,252204010
2018-06-28,99.6,99.74,91.88,92.3,2919900,95.3825724469918,-8.78545310801462,36929230000,-8.78545310801462,101.19,278510244
2018-06-29,91.07,98.5,91.06,96.81,2220400,95.1892637326706,4.88624052004333,38733681000,4.88624052004333,92.3,211354624
2018-07-02,96,98.62,95,96.37,1774800,97.3090247728256,-0.45449850222083,38557637000,-0.45449850222083,96.81,172708728
2018-07-03,97.69,106.01,97.69,106.01,2813900,102.630260143226,10.0031130019716,42414601000,10.0031130019716,96.37,288788518
2018-07-04,106.93,112.58,106.66,107.4,3575500,109.143661503859,1.31119705688143,42970740000,1.31119705688143,106.01,390244144
2018-07-05,109,109,99,99.6,3035800,101.992464497393,-7.26256983240225,39849960000,-7.26256983240225,107.4,309624950
2018-07-06,100.01,102.3,96.1,99.13,2310500,99.2025325769449,-0.471887550200803,39661913000,-0.471887550200803,99.6,229202789
2018-07-09,98.43,102.7,98.02,101.01,1721400,100.569273507402,1.89649954605065,40414101000,1.89649954605065,99.13,173119344
2018-07-10,101.87,101.9,98.75,99.97,1499500,99.5393290348741,-1.02960102960103,39997997000,-1.02960102960103,101.01,149254446
2018-07-11,98,98.1,95,96.61,1681700,96.2295479507366,-3.36100830249075,38653661000,-3.36100830249075,99.97,161824708
2018-07-12,98.34,104.38,98.2,102.35,2619700,102.096424349284,5.94141393230514,40950235000,5.94141393230514,96.61,267461084
2018-07-13,102.26,107.16,100.45,102.56,2685600,103.0212681186,0.205178309721539,41034256000,0.205178309721539,102.35,276670724
2018-07-16,92.3,92.3,92.3,92.3,923100,92.3,-10.0039001560062,36929230000,-10.0039001560062,102.56,85202130
2018-07-17,83.07,83.07,83.07,83.07,756600,83.07,-10,33236307000,-10,92.3,62850762
2018-07-18,76.5,87,76.5,82.98,21406900,79.6346005062114,-0.108342361863486,33200298000,-0.108342361863486,83.07,1704727222
2018-07-19,80.95,81.35,76.78,77.41,9523500,79.1093782469109,-6.71246083393589,30971741000,-6.71246083393589,82.98,753396186
2018-07-20,78.09,79.47,76.8,78.86,5773200,78.447160428391,1.87314300477975,31551886000,1.87314300477975,77.41,452893500
2018-07-23,77,77.85,74,76,7133900,75.9301676306558,-3.62668019274664,30407600000,-3.62668019274664,78.86,541678071
2018-07-24,77.81,81.68,76.83,80.23,9839600,79.3132580556153,5.56578947368422,32100023000,5.56578947368422,76,780407958
2018-07-25,80.45,81.6,78.92,79.32,6686500,80.0666679229351,-1.13423906269477,31735932000,-1.13423906269477,80.23,535363293
2018-07-26,79.61,81.1,78.52,78.88,5351100,79.5836992385882,-0.554715078164397,31559888000,-0.554715078164397,79.32,425861288
2018-07-27,78.49,79.58,75.88,76.6,5243400,77.7741410831051,-2.89046653144015,30647660000,-2.89046653144015,78.88,407801398
2018-07-30,77.01,77.55,73.56,74.19,4592100,74.9756860741676,-3.1462140992167,29683419000,-3.1462140992167,76.6,344298997
2018-07-31,74.6,74.9,72.81,73.12,3756300,73.6953788044971,-1.44224288987734,29255312000,-1.44224288987734,74.19,276825194
2018-08-01,73.11,73.5,70.8,70.8,5285500,71.7975161181016,-3.17286652078776,28327080000,-3.17286652078776,73.12,379486992
2018-08-02,70.24,73.52,69.52,71.02,6951100,71.6030678850048,0.310734463276836,28415102000,0.310734463276836,70.8,497720658
2018-08-03,71.4,72.51,68.58,68.9,5713200,71.0031850823952,-2.98507462686564,27566890000,-2.98507462686564,71.02,405655113
2018-08-06,71.18,74.3,70.5,71.09,7611900,72.231775094408,3.17851959361393,28443109000,3.17851959361393,68.9,549821410
2018-08-07,71.05,76.26,71.05,76.02,9401200,74.2756980223564,6.93487128991417,30415602000,6.93487128991417,71.09,698283589
2018-08-08,75.27,75.36,72.38,73.19,6278100,73.806972760266,-3.72270455143383,29283319000,-3.72270455143383,76.02,463370877
2018-08-09,72.7,76.89,71.95,75.01,7563400,75.1369867813312,2.48667850799291,30011501000,2.48667850799291,73.19,568290635
2018-08-10,74.5,76.25,73.9,74.62,4621800,74.9453751348507,-0.519930675909886,29855462000,-0.519930675909886,75.01,346380886
2018-08-13,73,75,72.32,74.96,3460900,73.6827289695863,0.45564191905655,29991496000,0.45564191905655,74.62,255011504
2018-08-14,74.85,76.77,74.85,75.8,4355300,76.024992428798,1.1205976520811,30327580000,1.1205976520811,74.96,331113094
2018-08-15,76.33,76.33,72.2,72.4,4979600,73.734823517646,-4.48548812664906,28967240000,-4.48548812664906,75.8,367167199
2018-08-16,70.73,72.02,69.52,70.78,3734700,70.9765982769816,-2.23756906077349,28319078000,-2.23756906077349,72.4,265078076
2018-08-17,71.5,72.18,69.89,70,2803300,70.8970191229307,-1.10200621644532,28007000000,-1.10200621644532,70.78,198748166
2018-08-20,70.1,71.5,69.49,71.41,2718200,70.5946508719005,2.01428571428571,28571141000,2.01428571428571,70,191890380
2018-08-21,71.6,74.5,70.66,73.09,4444900,72.7362980714609,2.35261167903656,29243309000,2.35261167903656,71.41,323303171
2018-08-22,73.08,73.99,71.54,71.54,3279100,72.785610926764,-2.12067314270077,28623154000,-2.12067314270077,73.09,238674281
2018-08-23,71,72.86,70.95,72.51,2878600,72.2088956484039,1.35588481968129,29011251000,1.35588481968129,71.54,207858794
2018-08-24,72.15,72.41,71.15,71.5,2214700,71.7486682205223,-1.39291132257622,28607150000,-1.39291132257622,72.51,158902206
2018-08-27,71.5,74.77,71.5,74.11,4374500,73.5323504353708,3.65034965034965,29651411000,3.65034965034965,71.5,321670723
2018-08-28,73.68,74.8,72.8,74.56,4089300,73.7911778558234,0.607205505329921,29831456000,0.607205505329921,74.11,301757658
2018-08-29,74.45,76.78,74.06,75.38,5260600,75.7449917889766,1.09978540772532,30159538000,1.09978540772532,74.56,398464937
2018-08-30,75.1,75.98,73.55,73.58,3221400,74.426827307342,-2.3879013000796,29439358000,-2.3879013000796,75.38,239761112
2018-08-31,73.57,73.57,71.58,72.1,2587900,72.4416940472018,-2.01141614569177,28847210000,-2.01141614569177,73.58,187472512
2018-09-03,71.99,73.61,71.08,73.39,2721300,72.4600851221454,1.78918169209431,29363339000,1.78918169209431,72.1,197183166
2018-09-04,73.15,74.32,72.25,74.21,3083000,73.4096016472422,1.11731843575419,29691421000,1.11731843575419,73.39,226319673
2018-09-05,74.28,74.55,71.88,71.9,3051800,73.2859487580759,-3.11278803395768,28767190000,-3.11278803395768,74.21,223656770
2018-09-06,71.03,72.49,70.91,71.6,2762600,71.7228446578326,-0.417246175243404,28647160000,-0.417246175243404,71.9,198143252
2018-09-07,71.95,73.1,70.92,71.68,2607200,72.0772222526938,0.11173184357543,28679168000,0.11173184357543,71.6,187917067
2018-09-10,71.22,73.11,70.96,71,2661900,71.8895256864284,-0.948660714285727,28407100000,-0.948660714285727,71.68,191364957
2018-09-11,70.6,72.19,70.6,71.34,2229500,71.3988878318597,0.478873239436636,28543134000,0.478873239436636,71,159185177
2018-09-12,71.34,74.8,71.34,73.5,5469000,73.44220566998,3.02775441547518,29407350000,3.02775441547518,71.34,401656451
2018-09-13,74.1,74.49,72.4,73.9,3547700,73.4688521873105,0.544217687074825,29567390000,0.544217687074825,73.5,260646402
2018-09-14,73.8,73.86,71.5,71.81,3192300,72.5910450996583,-2.82814614343707,28731181000,-2.82814614343707,73.9,231732974
2018-09-17,69.1,69.97,64.86,64.94,6458200,67.020692593985,-9.56691268625541,25982494000,-9.56691268625541,71.81,432830088
2018-09-18,63.51,66.18,63.51,65.76,3387500,64.9117041029895,1.26270403449338,26310576000,1.26270403449338,64.94,219890345
2018-09-19,65.33,66.67,65.14,66.2,2783300,66.0189962419252,0.669099756690998,26486620000,0.669099756690998,65.76,183753313
2018-09-20,66.49,67.44,65.8,65.97,2100600,66.5486282164195,-0.347432024169191,26394597000,-0.347432024169191,66.2,139788721
2018-09-21,66.3,67.57,65.71,67.03,2701000,66.7843981451486,1.60679096559044,26818703000,1.60679096559044,65.97,180386329
2018-09-25,67.09,67.72,66.36,67.2,2771000,67.1808094550704,0.253617783082189,26886720000,0.253617783082189,67.03,186158023
2018-09-26,67.19,67.49,66.48,66.89,3096200,66.9288914253011,-0.461309523809521,26762689000,-0.461309523809521,67.2,207227710
2018-09-27,66.66,66.99,63.67,63.95,5108900,64.7349928702224,-4.39527582598295,25586395000,-4.39527582598295,66.89,330721692
2018-09-28,64.29,65.16,64.18,64.8,2519400,64.6147791596329,1.64701917679889,25926480000,1.64701917679889,63.95,162790410
2018-10-08,64.85,64.85,59.68,60.55,6641900,61.6474886910359,-6.55864197530864,24226055000,-6.55864197530864,64.8,409453681
2018-10-09,60.9,61,60,60.55,2478100,60.5646737419797,0,24226055000,0,60.55,150085318
2018-10-10,60.78,61.17,59.9,60.6,1992700,60.5748128186599,0.082576383154415,24246060000,0.082576383154415,60.55,120708641
2018-10-11,58,58.45,54.54,55,5419700,56.6388831433619,-9.24092409240924,22005500000,-9.24092409240924,60.6,306964339
2018-10-12,55,56.79,54.9,56.37,4278600,55.7877826077709,2.49090909090909,22553637000,2.49090909090909,55,238692993
2018-10-15,56.68,58.2,55.56,56.11,3567700,56.9463872430156,-0.461238247294665,22449611000,-0.461238247294665,56.37,203166316
2018-10-16,52.03,52.85,50.5,50.5,6854400,50.9088817262313,-9.99821778649082,20205050000,-9.99821778649082,56.11,348948668
2018-10-17,49.03,49.44,46.95,48.46,9072200,48.3542578950449,-4.03960396039604,19388846000,-4.03960396039604,50.5,438681481
2018-10-18,47.62,49.78,47.62,48.11,5626000,48.7385567672189,-0.722245150639704,19248811000,-0.722245150639704,48.46,274201512
2018-10-19,47,51.6,46.52,50.83,8401700,50.0123967797938,5.65371024734983,20337083000,5.65371024734983,48.11,420189054
2018-10-22,50.03,53.75,50.03,52.62,8720000,52.0182253377665,3.52154239622269,21053262000,3.52154239622269,50.83,453599081
2018-10-23,52,52.5,49.78,49.96,6775200,51.028734965455,-5.05511212466742,19988996000,-5.05511212466742,52.62,345731416
2018-10-24,50.38,54.96,50.03,54.2,14098100,53.6481149179391,8.48678943154523,21685420000,8.48678943154523,49.96,756334343
2018-10-25,52.01,52.8,50.6,52.2,10297500,51.7629747529973,-3.690036900369,20885220000,-3.690036900369,54.2,533027162
2018-10-26,52.55,53.3,50.6,51.01,6778300,51.7992637367404,-2.27969348659005,20409101000,-2.27969348659005,52.2,351110017
2018-10-29,50,52.49,49.49,52,6584000,51.3124598839677,1.94079592236817,20805200000,1.94079592236817,51.01,337842570
2018-10-30,51.5,55.72,51.5,54.23,8229800,53.9213962221233,4.28846153846153,21697423000,4.28846153846153,52,443762738
2018-10-31,54.21,55.7,54.21,54.8,6338800,55.0422079842847,1.05107873870552,21925480000,1.05107873870552,54.23,348900282
2018-11-01,55.2,58.16,55.2,57.11,8484400,57.0438524366996,4.21532846715329,22849711000,4.21532846715329,54.8,483982063
2018-11-02,58.27,59.93,57.71,58.88,7713600,58.6305010938437,3.09928208720015,23557888000,3.09928208720015,57.11,452253699
2018-11-05,58.6,58.9,56.01,58,8166600,57.6779116651752,-1.49456521739131,23205800000,-1.49456521739131,58.88,471030357
2018-11-06,57.42,61.88,57.25,61,8575600,59.8778313030189,5.17241379310344,24406100000,5.17241379310344,58,513488390
2018-11-07,60.53,61.68,59.6,59.9,5374700,60.4420053632292,-1.80327868852459,23965990000,-1.80327868852459,61,324860487
2018-11-08,60.48,62.5,59.6,59.8,6673100,61.1412658724837,-0.166944908180306,23925980000,-0.166944908180306,59.9,408002087
2018-11-09,59.41,60.7,58.52,60,4776900,59.7056850439195,0.334448160535128,24006000000,0.334448160535128,59.8,285209281
2018-11-12,59.65,60.8,59.21,60.64,5540600,60.1150457060432,1.06666666666666,24262064000,1.06666666666666,60,333074865
2018-11-13,59.73,61.62,59.62,60.9,7359900,60.8452010427858,0.428759894459107,24366090000,0.428759894459107,60.64,447814656
2018-11-14,60.8,63.31,60.58,61.62,6647100,62.2802789503931,1.18226600985221,24654162000,1.18226600985221,60.9,413980751
2018-11-15,61.2,62.56,60.3,62.21,6035700,61.4812909489597,0.957481337228172,24890221000,0.957481337228172,61.62,371083550
2018-11-16,62.56,63.73,61.11,63.46,6524500,62.3808176876126,2.00932325992606,25390346000,2.00932325992606,62.21,407004955
2018-11-19,63.1,63.37,61.73,62.23,4474000,62.277550227616,-1.93822880554681,24898223000,-1.93822880554681,63.46,278628701
2018-11-20,61.45,63.03,59.6,59.62,5522600,61.3166113786984,-4.19411859231881,23853962000,-4.19411859231881,62.23,338627118
2018-11-21,58.63,60.72,58.63,59.78,4444800,59.4647388312804,0.268366320026836,23917978000,0.268366320026836,59.62,264311666
2018-11-22,60,61.19,59.36,59.51,3536300,60.1927424111917,-0.451656072264973,23809951000,-0.451656072264973,59.78,212861160
2018-11-23,59.7,60.15,56.38,57.34,5504800,57.8629881491913,-3.6464459754663,22941734000,-3.6464459754663,59.51,318522557
2018-11-26,57.18,59.2,56.03,58.65,5729400,57.993145932983,2.28461806766654,23465865000,2.28461806766654,57.34,332268540
2018-11-27,57.5,58.05,56.7,56.87,5177800,57.3043350960637,-3.03495311167945,22753687000,-3.03495311167945,58.65,296708266
2018-11-28,56.5,57.9,55.9,57.48,4069500,57.1159581332876,1.07262176894671,22997748000,1.07262176894671,56.87,232432592
2018-11-29,58,59.47,56.38,56.42,4784700,58.2013582358567,-1.84411969380653,22573642000,-1.84411969380653,57.48,278478134
2018-11-30,56.5,58.03,56.2,57.88,3538100,57.1676474653225,2.58773484579936,23157788000,2.58773484579936,56.42,202265025
2018-12-03,59.5,60.3,59.11,59.49,5495500,59.7074662335831,2.78161713890808,23801949000,2.78161713890808,57.88,328120888
2018-12-04,59.21,59.49,58.52,58.99,3520500,58.9901691217825,-0.840477391158181,23601899000,-0.840477391158181,59.49,207677250
2018-12-05,58,58.92,57.6,58.3,3942600,58.095806094388,-1.16968977792847,23325830000,-1.16968977792847,58.99,229047247
2018-12-06,57.98,58.14,55.41,55.62,4743100,56.6415587285069,-4.59691252144082,22253562000,-4.59691252144082,58.3,268659296
2018-12-07,55.51,55.93,54.25,54.8,3252000,55.1554225859054,-1.47428982380439,21925480000,-1.47428982380439,55.62,179367475
2018-12-10,54.24,55.25,54.01,54.64,2136200,54.6372469806198,-0.291970802919707,21861464000,-0.291970802919707,54.8,116716087
2018-12-11,54.85,55.39,54.7,55.2,1875400,54.9995264906613,1.02489019033676,22085520000,1.02489019033676,54.64,103143857
2018-12-12,55.38,55.4,54.26,54.7,1967400,54.8360258600489,-0.905797101449278,21885470000,-0.905797101449278,55.2,107882149
2018-12-13,54.5,56.36,54.5,55.88,3730200,55.677372630265,2.15722120658135,22357588000,2.15722120658135,54.7,207685731
2018-12-14,55.6,55.89,53.8,54,3749300,54.5114714746753,-3.36435218324982,21605400000,-3.36435218324982,55.88,204379860
2018-12-17,53.87,54.89,53.6,54.51,2136100,54.2411319196587,0.944444444444431,21809451000,0.944444444444431,54,115863831
2018-12-18,54.5,55.07,53.9,54.58,2118100,54.5595401430561,0.128416804256103,21837458000,0.128416804256103,54.51,115559834
2018-12-19,54.57,54.57,52.92,53.34,2597900,53.6167862869918,-2.27189446683766,21341334000,-2.27189446683766,54.58,139293301
2018-12-20,53.02,54.39,52.5,53.94,2392900,53.8136869242596,1.12485939257592,21581394000,1.12485939257592,53.34,128770610
2018-12-21,53.61,55.3,53.6,55.3,3088100,54.4537523634723,2.5213199851687,22125530000,2.5213199851687,53.94,168161192
2018-12-24,55.16,56.33,55.15,56.25,3179100,55.8810555088971,1.71790235081375,22505625000,1.71790235081375,55.3,177653140
2018-12-25,55,56.28,54.86,56.1,4340000,55.8831725655805,-0.266666666666656,22445610000,-0.266666666666656,56.25,242533416
2018-12-26,56.35,56.39,54.89,54.89,2556500,55.7627421758569,-2.15686274509805,21961489000,-2.15686274509805,56.1,142558008
2018-12-27,55.95,57.2,55.18,56.8,6981900,56.3379061364602,3.47968664601931,22725680000,3.47968664601931,54.89,393343317
2018-12-28,56.5,60.78,56.5,60,7910300,59.1273525405807,5.63380281690141,24006000000,5.63380281690141,56.8,467713796
2019-01-02,60,62.49,59.25,61,6250900,60.8695076878332,1.66666666666666,24406100000,1.66666666666666,60,380486223
2019-01-03,61.11,61.15,59.71,60.37,4200200,60.3571295584691,-1.0327868852459,24154037000,-1.0327868852459,61,253512257
2019-01-04,60,60.6,57.97,60.34,5843900,59.3900171017277,-0.049693556402178,24142034000,-0.049693556402178,60.37,347066589
2019-01-07,61.1,61.86,59.72,61.19,4856900,60.6703212196183,1.40868412330128,24482119000,1.40868412330128,60.34,294667499
2019-01-08,60.7,61,59.63,59.9,3415000,60.2674419285638,-2.10818761235496,23965990000,-2.10818761235496,61.19,205814399
2019-01-09,59.71,62.19,59.71,60.49,5036600,61.2898402304716,0.984974958263784,24202049000,0.984974958263784,59.9,308694248
2019-01-10,60.46,62.4,60.39,60.91,4526300,61.353542717881,0.69432964126301,24370091000,0.69432964126301,60.49,277705338
2019-01-11,60.9,60.98,59.41,60,3650100,60.0132184079666,-1.49400755212608,24006000000,-1.49400755212608,60.91,219056469
2019-01-14,59.99,60.56,58.58,58.6,2803900,59.3543329749046,-2.33333333333334,23445860000,-2.33333333333334,60,166423911
2019-01-15,58.65,59.93,58.1,59.73,3192500,59.13154098792,1.9283276450512,23897973000,1.9283276450512,58.6,188775375
2019-01-16,59.4,61.49,59.38,60.37,4042600,60.5834475968787,1.07148836430604,24154037000,1.07148836430604,59.73,244911919
2019-01-17,60.31,60.94,58.91,59.1,2909000,59.8338171222785,-2.10369388769256,23645910000,-2.10369388769256,60.37,174055497
2019-01-18,59.48,60.5,59.16,60.18,2677600,59.9882130927626,1.82741116751268,24078018000,1.82741116751268,59.1,160626359
2019-01-21,60.2,60.96,59.79,60,3277500,60.320435959155,-0.29910269192422,24006000000,-0.29910269192422,60.18,197697997
2019-01-22,59.91,60.44,58.48,58.91,2946400,59.4001461436538,-1.81666666666667,23569891000,-1.81666666666667,60,175017541
2019-01-23,58.5,59.23,58.41,59,1737100,58.7470601035267,0.152775420132402,23605900000,0.152775420132402,58.91,102051633
2019-01-24,59.09,59.46,57.88,58.55,2915300,58.5211019131418,-0.762711864406786,23425855000,-0.762711864406786,59,170604052
2019-01-25,58.5,59.38,58.22,58.55,2239300,58.9176858730581,0,23425855000,0,58.55,131935788
2019-01-28,59.01,59.1,56.56,56.86,3477400,57.6789282116568,-2.88642186165669,22749686000,-2.88642186165669,58.55,200572878
2019-01-29,57.1,57.8,55.85,57.31,2720400,56.9515394373648,0.791417516707709,22929731000,0.791417516707709,56.86,154929658
2019-01-30,57.22,57.72,56.69,56.93,1956500,57.1935098383874,-0.663060547897416,22777693000,-0.663060547897416,57.31,111897329
2019-01-31,57.35,58.12,56.85,57.11,2412900,57.4493128714348,0.316177762164066,22849711000,0.316177762164066,56.93,138621745
2019-02-01,57.8,60,57.58,59.85,3659600,59.1538512405547,4.79775871125897,23945985000,4.79775871125897,57.11,216480203
2019-02-11,60,61.3,59.52,60.93,4219800,60.4828273435441,1.80451127819549,24378093000,1.80451127819549,59.85,255228338
2019-02-12,60.7,61.79,60.52,61.16,3718400,61.197937394091,0.377482356802878,24470116000,0.377482356802878,60.93,227558594
2019-02-13,61.3,67.28,61.16,67.28,11947900,65.1799883259683,10.0065402223676,26918728000,10.0065402223676,61.16,778763070
2019-02-14,67.7,69.98,66.7,68.64,9415800,68.4130681338452,2.02140309155766,27462864000,2.02140309155766,67.28,644164109
2019-02-15,68.45,69.3,67.61,67.8,5971200,68.2044097607116,-1.22377622377623,27126780000,-1.22377622377623,68.64,407259648
2019-02-18,68.4,70.7,68,70.34,7555500,69.2765979552822,3.74631268436579,28143034000,3.74631268436579,67.8,523417119
2019-02-19,71.5,72.97,68.88,69.7,8370500,70.7649573246906,-0.909866363377876,27886970000,-0.909866363377876,70.34,592340269
2019-02-20,69.6,70.2,67.88,69.2,5162300,68.7491489314717,-0.717360114777611,27686920000,-0.717360114777611,69.7,354906069
2019-02-21,69.8,70.35,67.88,68.2,6893200,69.4237001560376,-1.44508670520232,27286820000,-1.44508670520232,69.2,478552283
2019-02-22,68.12,70.84,67.6,70.3,6197400,69.2880721113328,3.07917888563048,28127030000,3.07917888563048,68.2,429407076
2019-02-25,71.88,77.33,71.03,77.1,12256200,74.7173706955107,9.67283072546231,30847710000,9.67283072546231,70.3,915754401
2019-02-26,77.79,83.7,77.77,80.1,14594800,80.669770121054,3.89105058365758,32048010000,3.89105058365758,77.1,1177360129
2019-02-27,80.06,81.74,76.8,78.2,9260600,79.5092823889076,-2.37203495630461,31287820000,-2.37203495630461,80.1,736303740
2019-02-28,78.64,82.29,78.2,79.97,7825900,80.4334681116221,2.26342710997442,31995997000,2.26342710997442,78.2,629467415
2019-03-01,81.5,81.67,78.38,80.81,5743700,79.9493763844558,1.05039389771165,32332081000,1.05039389771165,79.97,459203874
2019-03-04,82.01,86.21,80.08,82.3,11644700,83.8215401677027,1.84383120900878,32928230000,1.84383120900878,80.81,976072833
2019-03-05,81,82.4,80.36,82.16,8326300,81.2128032450385,-0.170109356014567,32872216000,-0.170109356014567,82.3,676203057
2019-03-06,83,84.84,81.5,83.77,10526500,83.3807154276636,1.95959104186952,33516377000,1.95959104186952,82.16,877706017
2019-03-07,83.77,83.77,80.33,80.61,10053500,81.5454795390963,-3.77223349647846,32252061000,-3.77223349647846,83.77,819814706
2019-03-08,78.3,79,75.3,75.49,11851400,77.4032584403056,-6.35156928420791,30203549000,-6.35156928420791,80.61,917339841
2019-03-11,75.69,80,75.68,79.85,8642400,78.7377204211295,5.77559941714133,31947985000,5.77559941714133,75.49,680481064
2019-03-12,79.98,81.37,77.87,79.56,7829300,79.8656993828092,-0.363180964308056,31831956000,-0.363180964308056,79.85,625296194
2019-03-13,79,79.57,77,77.26,5790700,78.047361468004,-2.89089994972347,30911726000,-2.89089994972347,79.56,451950417
2019-03-14,77,79.25,76.66,77.94,5538600,77.8181800126854,0.880144965053055,31183794000,0.880144965053055,77.26,431007118
2019-03-15,77.94,79.8,76.83,77.6,6231200,78.3741844257086,-0.436232999743404,31047760000,-0.436232999743404,77.94,488364591
2019-03-18,78.35,80.88,77.75,80.5,6938000,79.308095647227,3.73711340206187,32208050000,3.73711340206187,77.6,550242502
2019-03-19,81.01,81.87,78.8,79.29,5192600,80.0450112775178,-1.50310559006211,31723929000,-1.50310559006211,80.5,415644287
2019-03-20,78.55,79,76.39,77.67,6535100,77.5538805008638,-2.04313280363224,31075767000,-2.04313280363224,79.29,506823140
2019-03-21,77.67,78.5,76.81,77.33,4646200,77.5914746105878,-0.437749452813178,30939733000,-0.437749452813178,77.67,360503104
2019-03-22,77.44,77.44,76.1,77.41,5042700,76.6234820254481,0.103452735031664,30971741000,0.103452735031664,77.33,386385938
2019-03-25,76.01,76.5,74.68,74.88,5718300,75.5853422793535,-3.26831158765016,29959488000,-3.26831158765016,77.41,432219436
2019-03-26,74.91,75.88,72.37,72.48,4901700,74.2344078422716,-3.20512820512819,28999248000,-3.20512820512819,74.88,363877989
2019-03-27,73.4,74.69,73,73.4,4096100,73.7982371057383,1.26931567328917,29367340000,1.26931567328917,72.48,302285328
2019-03-28,73.12,73.91,71.5,72.44,3792600,72.6559209161134,-1.30790190735694,28983244000,-1.30790190735694,73.4,275557098
2019-03-29,72.53,75.5,72.5,75.43,4756200,74.3285879002284,4.12755383765876,30179543000,4.12755383765876,72.44,353523265
2019-04-01,76.99,78.52,76.9,77.47,6048700,77.748982432705,2.70449423306375,30995747000,2.70449423306375,75.43,470283380
2019-04-02,78.4,78.62,76.4,76.88,5546400,77.0613555213713,-0.761585129727636,30759688000,-0.761585129727636,77.47,427414027
2019-04-03,76.51,76.77,75.58,76.63,3655300,76.0916278572236,-0.325182101977113,30659663000,-0.325182101977113,76.88,278134151
2019-04-04,77,77.5,75.62,76.06,4037100,76.4121188612057,-0.743834007568823,30431606000,-0.743834007568823,76.63,308484282
2019-04-08,73.36,74.48,71.01,72.72,10166700,73.0315939995922,-4.39127004996056,29095272000,-4.39127004996056,76.06,742490964
2019-04-09,71.87,73.33,71.1,73.03,4808500,72.2989891545246,0.426292629262937,29219303000,0.426292629262937,72.72,347653232
2019-04-10,72.7,75.45,71.68,73.93,5109400,73.5298679459759,1.23237025879776,29579393000,1.23237025879776,73.03,375695272
2019-04-11,73.98,74.49,71.3,72.01,3987300,72.5299728736841,-2.59705126470987,28811201000,-2.59705126470987,73.93,289196730
2019-04-12,71.78,72.5,71.61,72.5,2157100,72.021130400639,0.6804610470768,29007250000,0.6804610470768,72.01,155358869
2019-04-15,73.4,73.88,71.36,71.36,3128600,72.4708195197541,-1.57241379310346,28551136000,-1.57241379310346,72.5,226729597
2019-04-16,71.33,71.33,67.77,70.8,5989700,69.4642998636155,-0.784753363228697,28327080000,-0.784753363228697,71.36,416069136
2019-04-17,70.56,70.84,69.38,69.51,4204400,69.9866624615972,-1.82203389830509,27810951000,-1.82203389830509,70.8,294255353
2019-04-18,70.15,71.56,69.69,70.25,4601800,70.7139753985699,1.06459502229894,28107025000,1.06459502229894,69.51,325409097
2019-04-19,71.5,71.51,69.5,70.26,2919800,70.3244241095999,0.014234875444847,28111026000,0.014234875444847,70.25,205332058
2019-04-22,70.05,70.16,68.78,69.01,3001900,69.3737624760107,-1.77910617705664,27610901000,-1.77910617705664,70.26,208250392
2019-04-23,68.9,70,68.52,69.16,2558900,69.2772363162868,0.217359802927103,27670916000,0.217359802927103,69.01,177274767
2019-04-24,69.78,71.37,69.23,71.31,4581400,70.7360987634056,3.10873337189127,28531131000,3.10873337189127,69.16,324068453
2019-04-25,70.77,71,68.32,68.33,3868600,69.5100496998544,-4.17893703547889,27338833000,-4.17893703547889,71.31,268908177
2019-04-26,67.84,68.2,66.48,66.55,3705300,67.2475597117642,-2.60500512220109,26626655000,-2.60500512220109,68.33,249172383
2019-04-29,66.55,66.98,64.72,65.85,3449700,65.9453945611972,-1.05184072126221,26346585000,-1.05184072126221,66.55,227491366
2019-04-30,66.18,67.8,65.8,66.98,2177600,66.7264360795911,1.7160212604404,26798698000,1.7160212604404,65.85,145305489
2019-05-06,64.79,64.79,60.28,60.28,5246300,62.4242174428352,-10.00298596596,24118028000,-10.00298596596,66.98,327497795
2019-05-07,61,61.77,59.85,60.92,2606000,60.9137229274934,1.06171201061713,24374092000,1.06171201061713,60.28,158741832
2019-05-08,59.5,62.49,59.09,60.9,2593700,61.0617398140334,-0.032829940906112,24366090000,-0.032829940906112,60.92,158375285
2019-05-09,60.15,61.8,60.13,60.7,1896500,61.0353744000262,-0.328407224958948,24286070000,-0.328407224958948,60.9,115756090
2019-05-10,61.97,62.8,60.5,62.77,3552300,61.8949783592436,3.41021416803954,25114277000,3.41021416803954,60.7,219871079
2019-05-13,63.39,66.42,63,64.69,4530400,65.1263924199556,3.05878604428866,25882469000,3.05878604428866,62.77,295050041
2019-05-14,62.88,64.18,62.8,62.93,2692300,63.3390888895244,-2.72066780027824,25178293000,-2.72066780027824,64.69,170527639
2019-05-15,63.4,64.18,62.9,63.33,2607600,63.4224680510324,0.635626887017318,25338333000,0.635626887017318,62.93,165380174
2019-05-16,63.26,63.44,62.06,62.73,2073400,62.8103091540465,-0.947418285172911,25098273000,-0.947418285172911,63.33,130230895
2019-05-17,62.76,63.22,59.88,60.2,2842800,61.3908943169507,-4.0331579786386,24086020000,-4.0331579786386,62.73,174524490
2019-05-20,60,61.99,59.18,61.68,2545700,60.5621577838594,2.45847176079734,24678168000,2.45847176079734,60.2,154174478
2019-05-21,61.96,63.59,61.62,62.65,2770100,62.8616657978753,1.57263294422827,25066265000,1.57263294422827,61.68,174135112
2019-05-22,62.8,62.95,60.92,61.21,2095600,61.5372333445471,-2.29848363926575,24490121000,-2.29848363926575,62.65,128959580
2019-05-23,60.49,60.72,59.31,59.46,2373200,59.8313854415455,-2.85900996569188,23789946000,-2.85900996569188,61.21,141989690
2019-05-24,59.47,59.94,59.21,59.52,1558900,59.6092667228162,0.100908173562064,23813952000,0.100908173562064,59.46,92926853
2019-05-27,59.63,61.76,59.54,61.68,2665900,60.9085668501191,3.62903225806451,24678168000,3.62903225806451,59.52,162376392
2019-05-28,61.51,62.1,60.85,61,2141700,61.5043578427161,-1.10246433203632,24406100000,-1.10246433203632,61.68,131721177
2019-05-29,61.01,61.79,60.61,61.33,1377700,61.3367925555467,0.540983606557384,24538133000,0.540983606557384,61,84501859
2019-05-30,60.88,61.1,59.89,60.48,1449900,60.3027509521359,-1.38594488830915,24198048000,-1.38594488830915,61.33,87432838
2019-05-31,60.48,60.95,60.01,60.4,1342700,60.4688940229454,-0.132275132275132,24166040000,-0.132275132275132,60.48,81189649
2019-06-03,60.5,60.68,59.5,59.59,1725800,59.8663372360509,-1.341059602649,23841959000,-1.341059602649,60.4,103317684
2019-06-04,59.58,59.8,57.8,58.32,1932100,59.1402079815992,-2.13123007215976,23333832000,-2.13123007215976,59.59,114264441
2019-06-05,58.61,58.92,57.33,57.4,1875900,58.1782465503969,-1.57750342935529,22965740000,-1.57750342935529,58.32,109134711
2019-06-06,57.39,57.77,54.32,54.8,2941600,55.2135497157652,-4.52961672473867,21925480000,-4.52961672473867,57.4,162415184
2019-06-10,54.82,55.44,54.6,55.21,1517000,55.0414908273512,0.748175182481759,22089521000,0.748175182481759,54.8,83498492
2019-06-11,55.55,57.85,55.22,57.8,2969200,56.854295038461,4.6911791342148,23125780000,4.6911791342148,55.21,168814047
2019-06-12,57.7,57.7,56.8,56.84,1759500,57.1430455852875,-1.66089965397922,22741684000,-1.66089965397922,57.8,100545303
2019-06-13,56.83,57.29,55.59,56.33,1639000,56.3278550095942,-0.722591892409787,22537633000,-0.722591892409787,56.84,92321636
2019-06-14,57.1,57.4,55.06,55.06,1905500,56.1074149859432,-2.25457127640689,22029506000,-2.25457127640689,56.33,106911501
2019-06-17,54.5,56.5,54.47,55.64,1559500,55.4424075628447,1.05339629495096,22261564000,1.05339629495096,55.06,86463488
2019-06-18,55.49,57.06,55.33,56.2,1695900,56.4366511447991,1.00647016534867,22485620000,1.00647016534867,55.64,95710183
2019-06-19,57.79,58.18,56.65,56.65,2425000,57.4420357865081,0.800711743772242,22665665000,0.800711743772242,56.2,139299694
2019-06-20,57.17,58.27,56.67,57.72,3112800,57.6822268139798,1.88879082082965,23093772000,1.88879082082965,56.65,179554620
2019-06-21,57.97,59.73,57.97,59.55,3404100,59.1032549782937,3.17047817047817,23825955000,3.17047817047817,57.72,201192090
2019-06-24,59.41,59.55,58.03,58.3,2400000,58.6137048961474,-2.09907640638119,23325830000,-2.09907640638119,59.55,140672247
2019-06-25,58.5,58.5,56.5,57.1,2157200,57.2383971066184,-2.05831903945111,22845710000,-2.05831903945111,58.3,123474613
2019-06-26,56.85,58.38,56.7,58.21,2320800,57.8366046303003,1.94395796847636,23289821000,1.94395796847636,57.1,134229679
2019-06-27,58.21,58.94,57.47,57.67,2516100,58.0847247587006,-0.927675657103588,23073767000,-0.927675657103588,58.21,146144943
2019-06-28,57.85,58.02,56.5,57.04,2349400,57.2728843721974,-1.09242240332929,22821704000,-1.09242240332929,57.67,134557430
2019-07-01,58.37,60.39,58.2,60,5028400,59.5114417634159,5.18934081346424,24006000000,5.18934081346424,57.04,299245965
2019-07-02,60,60.89,59.57,60.58,3385400,60.3275172400348,0.966666666666668,24238058000,0.966666666666668,60,204234828
2019-07-03,60.69,62.5,59.01,61.15,4178600,60.9316366132191,0.940904588973259,24466115000,0.940904588973259,60.58,254609607
2019-07-04,60.94,63.69,60.6,62.38,4779200,62.631473830988,2.01144726083402,24958238000,2.01144726083402,61.15,299326085
2019-07-05,62.1,63.12,61.5,61.65,2936800,62.1392159600114,-1.17024687399808,24666165000,-1.17024687399808,62.38,182492935
2019-07-08,61.26,62.48,59.59,60.46,3631800,60.8040814696925,-1.93025141930252,24190046000,-1.93025141930252,61.65,220827047
2019-07-09,60.38,61.18,60.01,60.81,1999100,60.609092614408,0.57889513728086,24330081000,0.57889513728086,60.46,121163334
2019-07-10,60.86,62,59.6,61.3,2441600,60.8490947165621,0.805788521624713,24526130000,0.805788521624713,60.81,148569819
2019-07-11,61.31,63.86,61.01,62.3,4347400,62.6230741114995,1.63132137030996,24926230000,1.63132137030996,61.3,272248116
2019-07-12,62.13,63,61.6,62.69,2349800,62.445809246095,0.626003210272867,25082269000,0.626003210272867,62.3,146734663
2019-07-15,62.48,62.48,59.88,61.72,3192900,61.252578796786,-1.54729621949274,24694172000,-1.54729621949274,62.69,195571215
2019-07-16,61.99,63.55,61.52,61.67,2708900,62.4297159830068,-0.081011017498373,24674167000,-0.081011017498373,61.72,169112861
2019-07-17,61.31,65.02,61.01,64.58,7063100,63.7474602233205,4.71866385600777,25838458000,4.71866385600777,61.67,450256025
2019-07-18,64,64.5,62.95,62.97,3353500,63.5201873767876,-2.49303189842056,25194297000,-2.49303189842056,64.58,213012217
2019-07-19,63.41,64.15,62.88,63.01,3068600,63.4429686560535,0.063522312212157,25210301000,0.063522312212157,62.97,194679000
2019-07-22,63.2,63.57,59.85,59.89,3914900,61.4011262520013,-4.95159498492302,23961989000,-4.95159498492302,63.01,240381234
2019-07-23,60.14,61,59.8,60.55,3081400,60.2258727592413,1.10202037067958,24226055000,1.10202037067958,59.89,185582052
2019-07-24,60.96,62.88,60.76,62.19,3978900,62.055389232844,2.70850536746491,24882219000,2.70850536746491,60.55,246910823
2019-07-25,62.1,63.35,62.01,62.7,2913300,62.6540950147497,0.820067534973474,25086270000,0.820067534973474,62.19,182528546
2019-07-26,62.7,63.8,62.32,63,2930900,63.1109116635214,0.478468899521527,25206300000,0.478468899521527,62.7,184970067
2019-07-29,63,63.4,62.45,62.79,1927600,62.8258614222786,-0.333333333333332,25122279000,-0.333333333333332,63,121102942
2019-07-30,62.79,64.3,62.73,63.8,3536000,63.6538629371326,1.60853639114509,25526380000,1.60853639114509,62.79,225081778
2019-07-31,63.8,63.8,62.5,62.5,2147400,63.0377474296561,-2.03761755485894,25006250000,-2.03761755485894,63.8,135365872
2019-08-01,61.56,63.15,61.56,62.88,2200900,62.5316278321652,0.608000000000004,25158288000,0.608000000000004,62.5,137624484
2019-08-02,61.13,62.25,60.49,61.7,3272900,61.3251699782366,-1.8765903307888,24686170000,-1.8765903307888,62.88,200712314
2019-08-05,61.22,62.08,60.35,60.7,2336300,61.1081140657818,-1.62074554294976,24286070000,-1.62074554294976,61.7,142766948
2019-08-06,58.5,58.5,56.7,57.19,4585400,57.5338521283674,-5.78253706754532,22881719000,-5.78253706754532,60.7,263813942
2019-08-07,57.5,57.69,55.69,55.69,3297400,56.4280830351186,-2.62283616016787,22281569000,-2.62283616016787,57.19,186065961
2019-08-08,56.04,56.77,55.9,56.14,2147800,56.3559335370473,0.808044532232011,22461614000,0.808044532232011,55.69,121040316
2019-08-09,56.2,56.98,55.9,56.11,2278100,56.4021058065513,-0.053437833986466,22449611000,-0.053437833986466,56.14,128488622
2019-08-12,56.69,57.49,56.19,57.49,1873300,56.8611584577172,2.45945464266619,23001749000,2.45945464266619,56.11,106518065
2019-08-13,56.9,57.2,56.22,56.57,1748900,56.6584798123666,-1.60027830927118,22633657000,-1.60027830927118,57.49,99092395
2019-08-14,57.3,58.1,57.03,57.8,2501700,57.5855589439547,2.17429733074066,23125780000,2.17429733074066,56.57,144060238
2019-08-15,56.5,59.5,56,58.89,3456500,58.252781416642,1.88581314878894,23561889000,1.88581314878894,57.8,201351438
2019-08-16,58.6,59.5,58.51,58.58,2595300,59.0513321031405,-0.526405162166748,23437858000,-0.526405162166748,58.89,153253383
2019-08-19,61.61,63.18,60.69,62.38,7671900,62.0069457687277,6.48685558210994,24958238000,6.48685558210994,58.58,475708917
2019-08-20,62.45,63.47,62.08,62.54,5305800,62.8061524990016,0.256492465533818,25022254000,0.256492465533818,62.38,333235565
2019-08-21,63.08,63.52,62,62.58,4261400,62.8210949528428,0.063959066197626,25038258000,0.063959066197626,62.54,267705123
2019-08-22,62.74,63.18,62,62.74,3267500,62.6723865813122,0.25567273889422,25102274000,0.25567273889422,62.58,204780331
2019-08-23,62.99,63.08,61.55,62.29,3438000,62.3220916088175,-0.717245776219318,24922229000,-0.717245776219318,62.74,214261232
2019-08-26,61.11,62.64,60.97,62.1,3388500,61.8240372668974,-0.305024883608922,24846210000,-0.305024883608922,62.29,209492605
2019-08-27,62.59,64.46,62.11,63.75,5128600,63.7329487989671,2.65700483091788,25506375000,2.65700483091788,62.1,326862522
2019-08-28,63.5,63.53,62.12,62.23,3675100,62.6242174024605,-2.38431372549021,24898223000,-2.38431372549021,63.75,230150324
2019-08-29,62.29,63.05,61.7,61.75,2749500,62.4161515103352,-0.771332154909199,24706175000,-0.771332154909199,62.23,171612522
2019-08-30,62.14,63.7,61.4,62.02,4241200,62.4946195132038,0.437246963562757,24814202000,0.437246963562757,61.75,265049618
2019-09-02,62.2,68.22,62.2,68.22,10170900,65.6027459147876,9.99677523379554,27294822000,9.99677523379554,62.02,667238378
2019-09-03,69.01,70.8,68.55,70.2,11459600,69.5581835072745,2.90237467018471,28087020000,2.90237467018471,68.22,797110490
2019-09-04,70.09,71.3,69.83,70.85,7206400,70.4829059751968,0.925925925925913,28347085000,0.925925925925913,70.2,507928507
2019-09-05,71.25,73.68,70.58,70.91,9621500,72.1125259015539,0.084685956245595,28371091000,0.084685956245595,70.85,693832615
2019-09-06,71.85,73.73,71.33,73.32,7957900,72.8505450305872,3.39867437596952,29335332000,3.39867437596952,70.91,579737498
2019-09-09,73.5,74.45,72.17,73.32,6072800,72.8539129277815,0,29335332000,0,73.32,442430448
2019-09-10,73,74.36,72.27,72.82,4734700,73.1801331913741,-0.681942171303858,29135282000,-0.681942171303858,73.32,346485318
2019-09-11,73.11,74.1,71.6,72.37,5729600,72.6220739971244,-0.617962098324626,28955237000,-0.617962098324626,72.82,416093547
2019-09-12,73.3,74.11,72.08,73.2,4312100,73.0478669658869,1.14688406798397,29287320000,1.14688406798397,72.37,314989488
2019-09-16,74.33,75.11,73.03,73.31,4893000,74.072447622592,0.150273224043696,29331331000,0.150273224043696,73.2,362436264
2019-09-17,73.3,73.3,69.68,70.66,6691900,70.8344058959488,-3.61478652298459,28271066000,-3.61478652298459,73.31,474017965
2019-09-18,70.8,71.1,69.51,69.96,3321000,70.1791411685814,-0.990659496178887,27990996000,-0.990659496178887,70.66,233064998
2019-09-19,70.5,70.93,69.81,70.73,3103600,70.3825400313446,1.10062893081763,28299073000,1.10062893081763,69.96,218436999
2019-09-20,71,71.05,69.68,69.8,2947400,70.0241346469968,-1.3148593241906,27926980000,-1.3148593241906,70.73,206387804
2019-09-23,69.5,70.28,68.55,69.71,3002300,69.5589198101424,-0.128939828080227,27890971000,-0.128939828080227,69.8,208833267
2019-09-24,70.35,71.34,69,69.23,5124200,70.2810444990913,-0.688566920097529,27698923000,-0.688566920097529,69.71,360135323
2019-09-25,68.5,68.5,66.79,66.84,5528500,67.5156107273828,-3.45226058067312,26742684000,-3.45226058067312,69.23,373260459
2019-09-26,67.41,67.43,64.49,64.49,4998200,65.548066188469,-3.51585876720528,25802449000,-3.51585876720528,66.84,327623131
2019-09-27,64.84,65.28,64.32,64.35,3614200,64.7304266649623,-0.217087920607838,25746435000,-0.217087920607838,64.49,233951362
2019-09-30,64.58,64.75,63.59,63.98,2811500,64.1912114787281,-0.574980574980578,25598398000,-0.574980574980578,64.35,180475581
2019-10-08,64.2,65.23,64.2,64.45,2664500,64.7403333682367,0.73460456392624,25786445000,0.73460456392624,63.98,172500683
2019-10-09,64.16,64.96,62.88,64.96,2513800,64.0425043300324,0.791311093871191,25990496000,0.791311093871191,64.45,160992481
2019-10-10,64.81,65.84,64.55,65.65,3049100,65.2050236924546,1.06219211822663,26266565000,1.06219211822663,64.96,198814812
2019-10-11,65.33,65.76,64.52,65.1,2829900,65.2627852393579,-0.837776085300858,26046510000,-0.837776085300858,65.65,184687417
2019-10-14,66.03,67.64,65.49,67.23,4423200,66.6094222367718,3.27188940092166,26898723000,3.27188940092166,65.1,294626530
2019-10-15,65,65.24,60.51,60.51,12912800,61.8217516795415,-9.99553770638108,24210051000,-9.99553770638108,67.23,798288824
2019-10-16,60,60.43,59.01,59.5,7457100,59.6030947265687,-1.66914559576929,23805950000,-1.66914559576929,60.51,444468443
2019-10-17,59.23,60.05,59.23,59.8,3164000,59.6959552717372,0.504201680672265,23925980000,0.504201680672265,59.5,188877704
2019-10-18,59.52,60.69,59.5,59.8,3354500,59.9682737901113,0,23925980000,0,59.8,201162495
2019-10-21,59.9,59.9,58.18,59.48,2623400,59.0527908936738,-0.535117056856185,23797948000,-0.535117056856185,59.8,154919505
2019-10-22,59.48,59.9,59.08,59.74,2149500,59.5387346565653,0.437121721587092,23901974000,0.437121721587092,59.48,127980594
2019-10-23,59.77,60.28,59.1,59.15,2008800,59.4427268224325,-0.987612989621697,23665915000,-0.987612989621697,59.74,119407658
2019-10-24,59.11,59.25,58.48,58.59,2024000,58.770645769165,-0.946745562130177,23441859000,-0.946745562130177,59.15,118950259
2019-10-25,58.59,59.1,58.26,58.85,1863200,58.7314604552507,0.443761734084318,23545885000,0.443761734084318,58.59,109428046
2019-10-28,61.08,62.79,60.48,61.94,8733600,61.4702167893061,5.25063721325403,24782194000,5.25063721325403,58.85,536855978
2019-10-29,61.52,61.59,59.39,59.39,5470200,60.3486159454202,-4.11688731030029,23761939000,-4.11688731030029,61.94,330116585
2019-10-30,59.5,59.94,58.7,59.56,2511800,59.42568787762,0.286243475332554,23829956000,0.286243475332554,59.39,149264492
2019-10-31,59.82,60.6,58.83,58.88,2779200,59.7774521829585,-1.14170584284755,23557888000,-1.14170584284755,59.56,166132718
2019-11-01,58.2,58.73,56.99,58.36,4058400,57.7115681384687,-0.883152173913051,23349836000,-0.883152173913051,58.88,234219456
2019-11-04,58.46,61.58,58.4,60.45,6142300,60.5874283213613,3.58122001370803,24186045000,3.58122001370803,58.36,372148948
2019-11-05,60.4,60.95,59.8,60.48,2930300,60.3281693861142,0.049627791563267,24198048000,0.049627791563267,60.45,176776739
2019-11-06,60.7,61.43,59.75,60.15,2840700,60.5373533751052,-0.54563492063492,24066015000,-0.54563492063492,60.48,171966462
2019-11-07,60.58,61.26,59.86,60.85,2891300,60.7252070982177,1.16375727348296,24346085000,1.16375727348296,60.15,175572423
2019-11-08,61.35,61.86,60.85,61.12,3100900,61.3442347147074,0.443714050944939,24454112000,0.443714050944939,60.85,190223687
2019-11-11,60.89,60.89,58.96,59.09,2977800,59.6159624529814,-3.32133507853402,23641909000,-3.32133507853402,61.12,177525188
2019-11-12,59.37,59.66,58.01,59.66,2515000,58.774206182427,0.964630225080374,23869966000,0.964630225080374,59.09,147815189
2019-11-13,59.43,60.67,59.16,60.34,2937800,60.1109310431686,1.13979215554812,24142034000,1.13979215554812,59.66,176592691
2019-11-14,60.2,61.54,60.08,61.06,3500600,60.9997077668042,1.19323831620815,24430106000,1.19323831620815,60.34,213537346
2019-11-15,61.21,61.25,59.6,59.66,3018600,60.0660863337189,-2.29282672780872,23869966000,-2.29282672780872,61.06,181316209
2019-11-18,59.3,60.74,59.01,60.41,2061900,60.1420930927319,1.25712370097217,24170041000,1.25712370097217,59.66,124009628
2019-11-19,60.42,61.67,60.2,61.46,3395100,61.2017117398919,1.73812282734648,24590146000,1.73812282734648,60.41,207788502
2019-11-20,61,62.87,60.7,62.23,4636000,61.8409402012862,1.25284738041001,24898223000,1.25284738041001,61.46,286693733
2019-11-21,61.98,63.2,60.96,62.77,4254000,62.410443414092,0.867748674272868,25114277000,0.867748674272868,62.23,265493527
2019-11-22,62.66,62.98,60.71,61.37,4617800,61.7334697477647,-2.23036482396049,24554137000,-2.23036482396049,62.77,285072261
2019-11-25,60.89,61.42,60.2,60.74,2547100,60.6893042002079,-1.02656020857096,24302074000,-1.02656020857096,61.37,154582455
2019-11-26,60.82,61.9,60.6,60.65,4361400,61.0899917916642,-0.148172538689505,24266065000,-0.148172538689505,60.74,266439112
2019-11-27,60.75,61.98,60.5,60.99,2623100,61.1682001209277,0.560593569662007,24402099000,0.560593569662007,60.65,160447492
2019-11-28,60.88,61.18,59.25,59.99,3334300,60.0910110880213,-1.63961305131989,24001999000,-1.63961305131989,60.99,200362600
2019-11-29,59.77,59.99,58.8,59.29,2227700,59.2019316662731,-1.16686114352392,23721929000,-1.16686114352392,59.99,131884972
2019-12-02,59.19,59.71,58.91,59.4,1438800,59.3403211300575,0.185528756957316,23765940000,0.185528756957316,59.29,85378498
2019-12-03,58.9,59.17,58.01,59.16,2055000,58.5415532011391,-0.404040404040406,23669916000,-0.404040404040406,59.4,120300316
2019-12-04,58.9,59.53,58.58,59.53,1605400,59.0282794444399,0.625422582826249,23817953000,0.625422582826249,59.16,94762288
2019-12-05,59.25,60.28,59.22,60.27,2042600,59.8343427479545,1.24307072064505,24114027000,1.24307072064505,59.53,122217808
2019-12-06,60.25,60.36,59.67,60.2,1641400,59.9620746565908,-0.116144018583039,24086020000,-0.116144018583039,60.27,98422289
2019-12-09,60.44,60.53,59.86,60.3,1523700,60.1813047912436,0.166112956810618,24126030000,0.166112956810618,60.2,91700541
2019-12-10,60.31,60.8,59.9,60.31,2231000,60.3597598063319,0.016583747927044,24130031000,0.016583747927044,60.3,134664616
2019-12-11,60.98,61.58,60.38,60.5,3404400,61.0269677720291,0.31503896534571,24206050000,0.31503896534571,60.31,207762284
2019-12-12,60.38,60.6,59.62,59.64,2907200,59.8819675672403,-1.42148760330578,23861964000,-1.42148760330578,60.5,174087898
2019-12-13,60.05,60.56,59.67,60.45,3418500,60.111395345844,1.35814889336016,24186045000,1.35814889336016,59.64,205492969
2019-12-16,60.59,61.3,60.21,61.21,3507800,60.719460293885,1.25723738626964,24490121000,1.25723738626964,60.45,212993848
2019-12-17,61.11,62.75,60.91,62.18,5490600,61.8349734799655,1.58470838098349,24878218000,1.58470838098349,61.21,339509003
2019-12-18,62.48,62.48,61.46,61.95,4240200,61.9161300212488,-0.369893856545502,24786195000,-0.369893856545502,62.18,262538632
2019-12-19,62.06,68.15,61.72,67.73,13598900,65.6126882031651,9.33010492332525,27098773000,9.33010492332525,61.95,892258286
2019-12-20,66.5,67.99,65.5,65.68,7474900,66.5243950225188,-3.02672375609035,26278568000,-3.02672375609035,67.73,497260872
2019-12-23,65.28,66.45,64.67,64.79,4464200,65.4028141287957,-1.35505481120586,25922479000,-1.35505481120586,65.68,291970458
2019-12-24,65,66.2,64.65,64.99,4349400,65.2308361365955,0.308689612594534,26002499000,0.308689612594534,64.79,283714803
2019-12-25,65.08,66.8,65.02,65.85,5058200,65.7789120676164,1.32328050469303,26346585000,1.32328050469303,64.99,332721709
2019-12-26,65.86,66.16,65.04,65.73,3191000,65.4015993902787,-0.182232346241448,26298573000,-0.182232346241448,65.85,208694280
2019-12-27,65.89,67.19,65.38,65.56,5085800,66.1136265323105,-0.258633804959689,26230556000,-0.258633804959689,65.73,336239624
2019-12-30,65.5,67.88,65.3,67.1,5014300,66.9188052000474,2.3489932885906,26846710000,2.3489932885906,65.56,335548422
2019-12-31,68,70.37,67.55,68.7,8028300,69.4044901623788,2.38450074515648,27486870000,2.38450074515648,67.1,557197431
2020-01-02,68.6,69.56,67.8,68.5,5978800,68.6533147588797,-0.29112081513828,27406850000,-0.29112081513828,68.7,410465880
2020-01-03,68.6,70.35,68.58,68.7,4911400,69.2705734797676,0.291970802919706,27486870000,0.291970802919706,68.5,340216880
2020-01-06,67.78,68.51,66.88,67.16,6328600,67.5491907244001,-2.24163027656477,26870716000,-2.24163027656477,68.7,427489174
2020-01-07,67.39,68,67,67.96,4348500,67.6405165780453,1.19118522930315,27190796000,1.19118522930315,67.16,294132216
2020-01-08,67.43,67.59,65.56,65.56,7196500,66.2667405734464,-3.5314891112419,26230556000,-3.5314891112419,67.96,476885484
2020-01-09,66.5,66.9,66.16,66.5,4085100,66.56469068512,1.43380109823063,26606650000,1.43380109823063,65.56,271924017
2020-01-10,66.9,67.47,66.37,67,3463500,66.9585525020312,0.751879699248125,26806700000,0.751879699248125,66.5,231908670
2020-01-13,66.87,68.1,65.69,68,5357700,66.9706225677303,1.49253731343282,27206800000,1.49253731343282,67,358805156
2020-01-14,68.8,69.32,67.71,68.13,4453400,68.4257187079749,0.191176470588237,27258813000,0.191176470588237,68,304730038
2020-01-15,68.69,70.78,67.85,69.76,7434200,69.4668338673532,2.39248495523266,27910976000,2.39248495523266,68.13,516428947
2020-01-16,69.5,70.28,68.4,68.75,4458600,69.3349550677443,-1.44782110091745,27506875000,-1.44782110091745,69.76,309136900
2020-01-17,68.79,70.77,68.32,69.96,5836000,69.9958091495836,1.76,27990996000,1.76,68.75,408498832
2020-01-20,75.76,76.9,73.31,76.6,16564400,75.3208168552276,9.49113779302459,30647660000,9.49113779302459,69.96,1247644440
2020-01-21,78.43,81.65,77.1,78.35,21085900,79.6539419778243,2.2845953002611,31347835000,2.2845953002611,76.6,1679578082
2020-01-22,79.7,79.7,73.68,74.5,13014900,75.2168527157454,-4.91384811742182,29807450000,-4.91384811742182,78.35,978942449
2020-01-23,77.4,80.44,76.89,79.5,21540900,79.2458689329207,6.71140939597314,31807950000,6.71140939597314,74.5,1707024406
2020-02-03,87.45,87.45,82,87.45,23444800,86.9036164784714,10,34988745000,10,79.5,2037437560
2020-02-04,88,93.18,80.86,89.99,35531800,87.8718273584157,2.90451686678101,36004999000,2.90451686678101,87.45,3122243053
2020-02-05,87,92.98,85.9,90.73,25614600,89.2271838026398,0.822313590398953,36301073000,0.822313590398953,89.99,2285522459
2020-02-06,92.6,92.66,87.99,88.54,26179900,90.4127302686462,-2.41375509754216,35424854000,-2.41375509754216,90.73,2366992259
2020-02-07,88.54,89,81.92,83.68,23913000,84.8920835402464,-5.48904449966118,33480368000,-5.48904449966118,88.54,2030026516
2020-02-10,82.4,82.4,79.38,80.09,14935900,80.3485057377069,-4.29015296367112,32044009000,-4.29015296367112,83.68,1200079818
2020-02-11,80.95,80.96,78.77,79.66,8773700,79.7859173596069,-0.536895992008997,31871966000,-0.536895992008997,80.09,700019618
2020-02-12,79.3,80.49,78.54,79.78,9060900,79.6072547547434,0.150640220938982,31919978000,0.150640220938982,79.66,721313295
2020-02-13,79.81,79.87,76.8,76.9,12235400,77.7441369988587,-3.6099273000752,30767690000,-3.6099273000752,79.78,951228437
2020-02-14,76,78.78,76,76.77,8615600,77.4230980699261,-0.169050715214566,30715677000,-0.169050715214566,76.9,667044663
2020-02-17,77.5,78.96,77.3,78.71,8380900,78.3583997214616,2.52702878728669,31491871000,2.52702878728669,76.77,656713207
2020-02-18,79,82.87,78.84,81.97,13913200,81.6551189245088,4.1417863041545,32796197000,4.1417863041545,78.71,1136083674
2020-02-19,81.02,81.05,78.53,78.58,10342000,79.6214176313377,-4.13565938758083,31439858000,-4.13565938758083,81.97,823447886
2020-02-20,78.25,79.48,77,78.99,8233500,78.3708473668863,0.521761262407743,31603899000,0.521761262407743,78.58,645269585
2020-02-21,79.97,81.99,79.9,80.1,8565900,80.7638652130638,1.40524116976831,32048010000,1.40524116976831,78.99,691817939
2020-02-24,82,83.98,82,83.17,10885400,83.0251338674804,3.83270911360801,33276317000,3.83270911360801,80.1,903761128
2020-02-25,82.87,87.5,81.85,86.2,14948800,85.5981334162653,3.64314055548876,34488620000,3.64314055548876,83.17,1279589976
2020-02-26,85.38,87.5,81.8,81.86,11503000,83.8908693211988,-5.03480278422274,32752186000,-5.03480278422274,86.2,965000361
2020-02-27,83.86,84.2,80.25,80.65,7569100,81.6832153933188,-1.47813339848522,32268065000,-1.47813339848522,81.86,618268589
2020-02-28,81,86.52,81,82.85,15488500,83.8534602948075,2.72783632982021,33148285000,2.72783632982021,80.65,1298762475
2020-03-02,89,89,85,85.93,14576100,86.5792328680286,3.71756185878094,34380593000,3.71756185878094,82.85,1261988422
2020-03-03,85.9,89.08,83.46,88.16,16146000,86.6387929965573,2.59513557546839,35272816000,2.59513557546839,85.93,1398870125
2020-03-04,88,88.98,84.68,85.63,10772800,86.4997996812351,-2.86978221415607,34260563000,-2.86978221415607,88.16,931847637
2020-03-05,85.85,86.5,84.22,85.34,9126200,85.2152532240045,-0.338666355249325,34144534000,-0.338666355249325,85.63,777693830
2020-03-06,84.95,87.48,84.61,86.42,9903800,86.5762936551795,1.26552613077103,34576642000,1.26552613077103,85.34,857432479
2020-03-09,86.62,87.83,82.4,82.76,11642100,84.5377595553644,-4.23513075676927,33112276000,-4.23513075676927,86.42,984194768
2020-03-10,82,82,75,79.38,13218800,78.3178769946834,-4.08409859835669,31759938000,-4.08409859835669,82.76,1035270467
2020-03-11,80.01,81.8,78.27,80.1,10010300,80.1051649955496,0.907029478458035,32048010000,0.907029478458035,79.38,801874330
2020-03-12,80,81.8,77.36,79.38,9408200,79.6417086443037,-0.898876404494368,31759938000,-0.898876404494368,80.1,749283849
2020-03-13,74,78.6,73.37,76.85,9146000,76.6745428731843,-3.18720080624844,30747685000,-3.18720080624844,79.38,701264219
2020-03-16,78.58,79.78,73.7,73.7,9541300,77.4193137204862,-4.09889394925178,29487370000,-4.09889394925178,76.85,738683298
2020-03-17,75,75.6,70,72.01,8885400,71.816336122091,-2.29308005427408,28811201000,-2.29308005427408,73.7,638119602
2020-03-18,72.5,73.9,69.81,73.6,10645100,72.2576829870539,2.20802666296347,29447360000,2.20802666296347,72.01,769191056
2020-03-19,74.5,75.47,71.3,73.84,8622300,73.5381578625376,0.32608695652176,29543384000,0.32608695652176,73.6,634067985
2020-03-20,74.49,74.93,73.05,74.28,6310800,74.2784505584879,0.595882990249186,29719428000,0.595882990249186,73.84,468755703
2020-03-23,72,73.66,69.8,70.1,7157900,71.8922557370279,-5.62735595045774,28047010000,-5.62735595045774,74.28,514599806
2020-03-24,71.51,71.85,68.1,70,6064500,70.0201217438966,-0.142653352353789,28007000000,-0.142653352353789,70.1,424639409
2020-03-25,71.44,74.66,70.43,73.93,9648900,72.4003757310142,5.61428571428573,29579393000,5.61428571428573,70,698585723
2020-03-26,73.11,81.32,72.94,81.32,20673200,79.9022906832365,9.99594210739887,32536132000,9.99594210739887,73.93,1651834198
2020-03-27,85,85.56,82.2,83.4,21048200,83.9727092214944,2.55779636005905,33368340000,2.55779636005905,81.32,1767472027
2020-03-30,84.88,87.63,81.7,82.12,13739600,84.4757986738583,-1.53477218225421,32856212000,-1.53477218225421,83.4,1160660051
2020-03-31,82.7,86,81.06,84.7,10805800,83.8842447360204,3.14174378957624,33888470000,3.14174378957624,82.12,906436204
2020-04-01,83.95,84.25,80.2,80.95,10018600,81.7772787074958,-4.42739079102716,32388095000,-4.42739079102716,84.7,819296216
2020-04-02,80.72,82.08,79.7,81.6,6624900,80.935581415428,0.802964793082138,32648160000,0.802964793082138,80.95,536193047
2020-04-03,81.8,83.8,81.2,82.02,7227300,82.4963013635323,0.514705882352939,32816202000,0.514705882352939,81.6,596222054
2020-04-07,82.3,84.26,80.7,82.98,9251100,82.9358140459977,1.17044623262619,33200298000,1.17044623262619,82.02,767247924
2020-04-08,83.5,86.19,82.58,83.88,9454400,84.3753902400947,1.08459869848156,33560388000,1.08459869848156,82.98,797721727
2020-04-09,84.6,85.69,82.65,84.84,8026100,84.4888266057818,1.1444921316166,33944484000,1.1444921316166,83.88,678113659
2020-04-10,85,85,81.3,81.53,8241400,82.7584304005987,-3.9014615747289,32620153000,-3.9014615747289,84.84,682042349
2020-04-13,82.68,87.58,81.99,86.23,11192900,85.3561028265223,5.76474917208389,34500623000,5.76474917208389,81.53,955379848
2020-04-14,86.25,91.11,85.17,90.56,14526700,88.6407930986747,5.02145425026094,36233056000,5.02145425026094,86.23,1287659716
2020-04-15,91.16,99.5,90.55,97.45,17503000,96.4882212061311,7.60821554770318,38989745000,7.60821554770318,90.56,1688835555
2020-04-16,99.1,107.2,98.21,107.2,20821900,104.165173310611,10.0051308363263,42890720000,10.0051308363263,97.45,2168916093
2020-04-17,112,113.88,101.76,102.19,24194700,107.277374841303,-4.67350746268658,40886219000,-4.67350746268658,107.2,2595548514
2020-04-20,105.86,112.41,104.3,112.41,11923400,110.209857506021,10.0009785693316,44975241000,10.0009785693316,102.19,1314074121
2020-04-21,115.01,118.86,107.62,110.6,19980900,111.332471161641,-1.61017703051329,44251060000,-1.61017703051329,112.41,2224527315
2020-04-22,105.8,111.2,105.2,107.86,11243300,107.541140472181,-2.47739602169982,43154786000,-2.47739602169982,110.6,1209118165
2020-04-23,113,118.26,109.22,114.58,20427800,114.249726916662,6.23029853513814,45843458000,6.23029853513814,107.86,2333873999
2020-04-24,114.58,114.58,103.67,106.02,17017800,107.783512892447,-7.4707627858265,42418602000,-7.4707627858265,114.58,1834237619
2020-04-27,109.8,113.11,103.1,108.46,15464500,109.27255557198,2.30145255612148,43394846000,2.30145255612148,106.02,1689849588
2020-04-28,109,112.77,106.17,108.44,11076300,109.459337086706,-0.018439977872028,43386844000,-0.018439977872028,108.46,1212400077
2020-04-29,111,114.5,107,109.97,13173200,111.569413578007,1.41091848026559,43998997000,1.41091848026559,108.44,1469731108
2020-04-30,106,107.5,103.56,105.24,11587500,105.352147943534,-4.30117304719469,42106524000,-4.30117304719469,109.97,1220768225
2020-05-06,102,106.66,101.51,106.02,9602500,104.546006625337,0.741163055872298,42418602000,0.741163055872298,105.24,1003906165
2020-05-07,103.68,105.66,101.5,103,8577800,103.565627372401,-2.84851914733068,41210300000,-2.84851914733068,106.02,888366067
2020-05-08,104.5,106.3,103.33,103.57,6168000,104.407605153543,0.553398058252414,41438357000,0.553398058252414,103,643989032
2020-05-11,106,107.45,102.02,105.23,10956500,104.758406166376,1.60278072801005,42102523000,1.60278072801005,103.57,1147780344
2020-05-12,105.99,111.6,104.77,110.8,13150600,109.4663454691,5.29316734771453,44331080000,5.29316734771453,105.23,1439545605
2020-05-13,108,108.58,105.68,107.3,8190400,106.973743541833,-3.15884476534297,42930730000,-3.15884476534297,110.8,876158177
2020-05-14,107.87,108.36,103.96,104,7394700,105.616394107259,-3.07548928238583,41610400000,-3.07548928238583,107.3,780997008
2020-05-15,105,106,103.56,105.24,4951400,104.777747572784,1.19230769230769,42106524000,1.19230769230769,104,518791510
2020-05-18,106,109,104.76,104.9,6401100,106.507817920188,-0.32307107563662,41970490000,-0.32307107563662,105.24,681770069
2020-05-19,104.74,105.98,100.68,101.58,9258500,101.964693481688,-3.16491897044805,40642158000,-3.16491897044805,104.9,944041848
2020-05-20,101,102.52,99.01,100.09,7102000,100.292774264314,-1.46682417798779,40046009000,-1.46682417798779,101.58,712283796
2020-05-21,100.84,104.48,100.12,102.08,8151800,103.038953691352,1.98821061045058,40842208000,1.98821061045058,100.09,839951088
2020-05-22,102,104.45,98.54,98.8,7543100,100.77459160756,-3.21316614420062,39529880000,-3.21316614420062,102.08,760147884
2020-05-25,100.02,108.68,100,108.68,15918900,106.871177469805,10,43482868000,10,98.8,1701275755
2020-05-26,112.1,119.55,109.01,119.55,20943600,115.52645944067,10.0018402649982,47831955000,10.0018402649982,108.68,2419544577
2020-05-27,121.01,124.91,117.77,119.8,15207200,120.75244091454,0.209117524048511,47931980000,0.209117524048511,119.55,1836307727
2020-05-28,121.21,123.6,116.83,118.38,9605600,119.803607263457,-1.18530884808014,47363838000,-1.18530884808014,119.8,1150781217
2020-05-29,119.3,123.82,117.86,120.58,10149900,121.37012376231,1.85842203074845,48244058000,1.85842203074845,118.38,1231889643
2020-06-01,123.93,126.89,120.2,124.75,9615100,124.59750631689,3.45828495604578,49912475000,3.45828495604578,120.58,1198016860
2020-06-02,123.81,124.75,118.18,119.05,8980200,120.805898530417,-4.56913827655311,47631905000,-4.56913827655311,124.75,1084857385
2020-06-03,119.98,121.98,118.53,119.31,6442600,120.05402228932,0.21839563208736,47735931000,0.21839563208736,119.05,773464486
2020-06-04,120.5,124.2,119.19,121.31,6525900,121.881210626193,1.67630542284804,48536131000,1.67630542284804,119.31,795386055
2020-06-05,122,123.5,119.76,123.5,5546600,122.072335141838,1.80529222652708,49412350000,1.80529222652708,121.31,677082874
2020-06-08,125,126.5,120.59,122,6386900,122.385219297641,-1.21457489878542,48812200000,-1.21457489878542,123.5,781666563
2020-06-09,122.51,123.5,120.21,122.95,4854200,122.331792399074,0.77868852459016,49192295000,0.77868852459016,122,593822742
2020-06-10,122.5,128,121.85,124.99,8219200,125.547605693299,1.65921106140706,50008499000,1.65921106140706,122.95,1031901634
2020-06-11,124.99,136.31,124.2,132.56,12534800,131.491715036606,6.05648451876151,53037256000,6.05648451876151,124.99,1648224585
2020-06-12,131.08,137.85,130.48,136.05,9930600,134.744047093976,2.63277006638504,54433605000,2.63277006638504,132.56,1338090851
2020-06-15,145.5,148.64,139.56,141.58,16088100,142.693908406714,4.06468210216832,56646158000,4.06468210216832,136.05,2295667732
2020-06-16,141.58,146.6,138.77,143.38,11086800,142.87751203319,1.27136601214859,57366338000,1.27136601214859,141.58,1584059544
2020-06-17,144,152.7,144,148.3,11922400,148.664554703219,3.43144092621009,59334830000,3.43144092621009,143.38,1772437841
2020-06-18,145.42,148,134.69,135.2,17834000,138.452472978086,-8.83344571813892,54093520000,-8.83344571813892,148.3,2469167495
2020-06-19,134.81,139.66,134.52,137.52,8575400,137.244840314309,1.71597633136095,55021752000,1.71597633136095,135.2,1176926247
2020-06-22,140,141.2,136.8,138.26,8758100,139.182816442761,0.538103548574735,55317826000,0.538103548574735,137.52,1218982592
2020-06-23,137.1,145.9,136.41,144.9,10400700,141.50261183138,4.80254592796183,57974490000,4.80254592796183,138.26,1471733007
2020-06-24,144.91,146.88,142.77,145.98,6811400,145.038248559851,0.74534161490682,58406598000,0.74534161490682,144.9,987920198
2020-06-29,146.9,153.47,146.66,151.51,8640400,150.978227253426,3.78819016303603,60619151000,3.78819016303603,145.98,1304510614
2020-06-30,151.6,158.88,149.12,155.91,7368600,154.841259443164,2.90409873935715,62379591000,2.90409873935715,151.51,1140956801
2020-07-01,157,159.57,151.51,154.4,7404900,155.719908428685,-0.96850747225963,61775440000,-0.96850747225963,155.91,1153096423
2020-07-02,150.3,154.38,148,151.8,8661300,151.488657669188,-1.68393782383419,60735180000,-1.68393782383419,154.4,1312090983
2020-07-03,150.7,165.5,148.59,164.41,12035500,159.320526781342,8.30698287220025,65780441000,8.30698287220025,151.8,1917503156
2020-07-06,164,164.98,159.14,162.1,9745700,162.086582571867,-1.4050240253026,64856210000,-1.4050240253026,164.41,1579642021
2020-07-07,162.13,170.8,159.1,167.51,9735300,166.130120222037,3.40126300447143,67020751000,3.40126300447143,162.1,1617329882
2020-07-08,167.98,177.66,166.32,175.42,8869200,172.353977754987,4.72210614291684,70185542000,4.72210614291684,167.51,1528646036
2020-07-09,175.8,186.54,172.58,181.66,10043000,179.778297056148,3.55717706076844,72682166000,3.55717706076844,175.42,1805512898
2020-07-10,180.3,196,179.7,196,11555100,187.729568367202,7.89386766486844,78419600000,7.89386766486844,181.66,2169242571
2020-07-13,199,199.4,185.65,196,15745600,191.948849619436,0,78419600000,0,196,3022344432
2020-07-14,195,195,176.4,176.4,25349200,181.432634865717,-10,70577640000,-10,196,4599164709
2020-07-15,173.19,180,163.87,168.95,15979400,171.145744904144,-4.22335600907031,67596895000,-4.22335600907031,176.4,2734799128
2020-07-16,168,170.99,158.58,159.8,12275700,163.931163458834,-5.41580349215743,63935980000,-5.41580349215743,168.95,2012375193
2020-07-17,161.51,166.66,158.9,163.99,9015300,162.67387819464,2.62202753441802,65612399000,2.62202753441802,159.8,1466559345
2020-07-20,168.51,170,160.36,165,8865900,164.759593851192,0.61589121287884,66016500000,0.61589121287884,163.99,1460744225
2020-07-21,158,163.95,155.38,162.2,11366700,160.548971257063,-1.6969696969697,64896220000,-1.6969696969697,165,1824910065
